user_id,day,date,period,files_downloaded,sensitive_files_accessed,after_hours_activity,external_upload_volume_mb,new_repository_access,failed_access_attempts,distinct_repositories
u-2001,1,2026-06-01,train,44,10,0,0.0,0,0,3
u-2002,1,2026-06-01,train,32,7,0,0.0,0,0,2
u-2003,1,2026-06-01,train,9,1,1,0.0,0,1,6
u-2004,1,2026-06-01,train,27,7,0,0.0,0,2,3
u-2005,1,2026-06-01,train,30,2,0,0.0,0,0,3
u-2006,1,2026-06-01,train,31,4,0,0.0,0,0,3
u-2007,1,2026-06-01,train,11,3,1,0.0,0,0,4
u-2008,1,2026-06-01,train,20,6,0,0.0,0,0,7
u-2009,1,2026-06-01,train,24,3,0,0.0,0,0,5
u-2010,1,2026-06-01,train,18,5,0,0.0,1,1,3
u-2011,1,2026-06-01,train,17,5,0,0.0,0,0,5
u-2012,1,2026-06-01,train,24,3,0,0.0,0,0,3
u-2013,1,2026-06-01,train,73,13,1,0.0,0,0,6
u-2014,1,2026-06-01,train,33,5,1,0.0,0,0,2
u-2015,1,2026-06-01,train,28,6,0,0.0,0,0,1
u-2016,1,2026-06-01,train,10,7,0,0.0,0,0,5
u-2017,1,2026-06-01,train,21,5,0,0.0,0,1,1
u-2018,1,2026-06-01,train,13,5,0,0.0,0,1,3
u-2019,1,2026-06-01,train,9,2,0,0.0,0,0,3
u-2020,1,2026-06-01,train,17,6,0,0.0,0,2,4
u-2021,1,2026-06-01,train,11,2,0,0.0,0,0,5
u-2022,1,2026-06-01,train,9,2,0,0.0,0,1,3
u-2023,1,2026-06-01,train,6,0,0,0.0,0,1,2
u-2024,1,2026-06-01,train,17,3,0,0.0,0,0,1
u-2025,1,2026-06-01,train,6,1,1,0.0,0,0,2
u-2026,1,2026-06-01,train,15,0,1,0.0,0,0,1
u-2027,1,2026-06-01,train,9,1,0,0.0,0,2,5
u-2028,1,2026-06-01,train,6,1,0,9.0,0,0,5
u-2029,1,2026-06-01,train,6,0,0,0.0,0,0,5
u-2030,1,2026-06-01,train,16,2,1,0.0,0,1,1
u-2031,1,2026-06-01,train,10,1,1,0.0,0,0,2
u-2032,1,2026-06-01,train,23,4,0,0.0,0,0,3
u-2033,1,2026-06-01,train,18,3,0,0.0,0,0,1
u-2034,1,2026-06-01,train,10,2,2,0.0,0,1,4
u-2035,1,2026-06-01,train,31,7,0,0.0,0,0,4
u-2036,1,2026-06-01,train,16,4,0,0.0,0,0,2
u-2037,1,2026-06-01,train,23,4,0,0.0,0,0,7
u-2038,1,2026-06-01,train,13,3,1,0.0,0,0,3
u-2039,1,2026-06-01,train,28,5,0,0.0,0,0,3
u-2040,1,2026-06-01,train,14,3,0,0.0,0,3,5
u-2041,1,2026-06-01,train,12,1,0,19.2,0,2,4
u-2042,1,2026-06-01,train,22,6,1,0.0,0,0,5
u-2043,1,2026-06-01,train,14,1,0,0.0,0,0,4
u-2044,1,2026-06-01,train,15,2,0,0.0,0,0,5
u-2045,1,2026-06-01,train,20,4,0,0.0,0,0,5
u-2046,1,2026-06-01,train,19,2,0,0.0,0,1,5
u-2047,1,2026-06-01,train,18,4,0,0.0,0,0,1
u-2048,1,2026-06-01,train,12,3,0,0.0,0,0,4
u-2049,1,2026-06-01,train,34,9,0,0.0,0,0,3
u-2050,1,2026-06-01,train,9,0,0,0.0,0,0,1
u-2051,1,2026-06-01,train,31,4,2,0.0,0,0,6
u-2052,1,2026-06-01,train,37,6,2,0.0,0,0,2
u-2053,1,2026-06-01,train,34,2,3,0.0,0,0,7
u-2054,1,2026-06-01,train,38,3,1,0.0,1,1,12
u-2055,1,2026-06-01,train,42,4,3,0.0,0,0,6
u-2056,1,2026-06-01,train,27,3,1,0.0,0,0,11
u-2057,1,2026-06-01,train,16,7,0,0.0,0,0,4
u-2058,1,2026-06-01,train,11,4,0,0.0,0,0,3
u-2059,1,2026-06-01,train,19,8,1,0.0,0,0,3
u-2060,1,2026-06-01,train,6,2,0,0.0,0,0,1
u-2001,2,2026-06-02,train,36,8,0,0.0,0,0,2
u-2002,2,2026-06-02,train,34,8,2,0.0,0,0,4
u-2003,2,2026-06-02,train,13,4,0,0.0,0,1,3
u-2004,2,2026-06-02,train,31,9,0,0.0,0,0,3
u-2005,2,2026-06-02,train,22,2,1,0.0,0,0,5
u-2006,2,2026-06-02,train,20,4,1,0.0,0,0,5
u-2007,2,2026-06-02,train,17,5,1,0.0,0,1,5
u-2008,2,2026-06-02,train,17,3,0,0.0,0,1,2
u-2009,2,2026-06-02,train,37,8,1,0.0,0,0,5
u-2010,2,2026-06-02,train,20,3,0,0.0,0,1,3
u-2011,2,2026-06-02,train,19,4,0,0.0,0,0,6
u-2012,2,2026-06-02,train,21,5,0,0.0,1,0,4
u-2013,2,2026-06-02,train,63,20,1,0.0,0,0,4
u-2014,2,2026-06-02,train,38,5,0,0.0,0,0,5
u-2015,2,2026-06-02,train,23,3,1,0.0,0,0,2
u-2016,2,2026-06-02,train,17,7,0,0.0,0,0,1
u-2017,2,2026-06-02,train,33,10,0,0.0,0,0,4
u-2018,2,2026-06-02,train,12,2,0,0.0,0,0,5
u-2019,2,2026-06-02,train,12,3,0,0.0,0,0,5
u-2020,2,2026-06-02,train,16,3,1,0.0,0,0,2
u-2021,2,2026-06-02,train,16,4,0,0.0,0,0,4
u-2022,2,2026-06-02,train,13,3,0,0.0,0,0,2
u-2023,2,2026-06-02,train,17,5,0,0.0,0,0,4
u-2024,2,2026-06-02,train,18,3,0,6.4,0,0,5
u-2025,2,2026-06-02,train,5,0,0,0.0,0,0,2
u-2026,2,2026-06-02,train,13,3,0,0.0,0,0,1
u-2027,2,2026-06-02,train,12,1,0,0.0,1,0,5
u-2028,2,2026-06-02,train,10,3,0,0.0,1,0,6
u-2029,2,2026-06-02,train,6,1,1,0.0,0,0,5
u-2030,2,2026-06-02,train,6,0,1,8.3,0,0,2
u-2031,2,2026-06-02,train,12,4,2,0.0,0,1,3
u-2032,2,2026-06-02,train,22,6,1,8.8,0,0,2
u-2033,2,2026-06-02,train,16,0,1,0.0,0,1,2
u-2034,2,2026-06-02,train,13,1,0,0.0,0,0,5
u-2035,2,2026-06-02,train,27,4,1,0.0,0,1,6
u-2036,2,2026-06-02,train,18,4,0,0.0,0,0,5
u-2037,2,2026-06-02,train,19,4,0,0.0,0,2,5
u-2038,2,2026-06-02,train,17,3,1,0.0,0,0,4
u-2039,2,2026-06-02,train,21,4,0,0.0,0,0,2
u-2040,2,2026-06-02,train,20,7,0,0.0,0,0,1
u-2041,2,2026-06-02,train,8,1,0,0.0,0,1,3
u-2042,2,2026-06-02,train,24,3,0,0.0,0,0,3
u-2043,2,2026-06-02,train,11,0,0,0.0,0,1,4
u-2044,2,2026-06-02,train,9,3,0,0.0,0,0,3
u-2045,2,2026-06-02,train,19,6,0,0.0,0,0,1
u-2046,2,2026-06-02,train,15,4,0,0.0,0,0,1
u-2047,2,2026-06-02,train,16,2,0,0.0,1,0,2
u-2048,2,2026-06-02,train,15,3,0,0.0,0,0,4
u-2049,2,2026-06-02,train,30,7,0,0.0,1,1,3
u-2050,2,2026-06-02,train,12,3,1,0.0,0,0,2
u-2051,2,2026-06-02,train,31,7,1,0.0,0,2,6
u-2052,2,2026-06-02,train,29,1,5,0.0,0,0,6
u-2053,2,2026-06-02,train,28,2,2,0.0,0,2,5
u-2054,2,2026-06-02,train,41,2,1,0.0,0,0,5
u-2055,2,2026-06-02,train,31,1,0,0.0,0,0,7
u-2056,2,2026-06-02,train,24,2,0,0.0,0,0,3
u-2057,2,2026-06-02,train,21,3,0,0.0,0,0,3
u-2058,2,2026-06-02,train,7,4,0,0.0,0,1,1
u-2059,2,2026-06-02,train,22,7,0,0.0,1,0,4
u-2060,2,2026-06-02,train,9,4,0,0.0,0,0,1
u-2001,3,2026-06-03,train,28,3,0,0.0,0,0,4
u-2002,3,2026-06-03,train,40,7,0,0.0,0,0,4
u-2003,3,2026-06-03,train,16,3,0,0.0,0,0,5
u-2004,3,2026-06-03,train,37,8,0,0.0,0,0,2
u-2005,3,2026-06-03,train,36,2,2,0.0,0,0,3
u-2006,3,2026-06-03,train,19,5,0,0.0,0,0,2
u-2007,3,2026-06-03,train,13,3,0,0.0,0,0,6
u-2008,3,2026-06-03,train,16,4,0,0.0,0,0,5
u-2009,3,2026-06-03,train,23,5,0,0.0,0,1,1
u-2010,3,2026-06-03,train,17,3,2,0.0,0,0,2
u-2011,3,2026-06-03,train,32,3,0,0.0,0,0,3
u-2012,3,2026-06-03,train,29,6,1,0.0,0,0,3
u-2013,3,2026-06-03,train,71,17,0,4.1,1,0,4
u-2014,3,2026-06-03,train,38,6,0,0.0,1,0,4
u-2015,3,2026-06-03,train,24,7,1,0.0,0,1,3
u-2016,3,2026-06-03,train,6,1,1,0.0,0,0,2
u-2017,3,2026-06-03,train,20,5,0,0.0,0,1,3
u-2018,3,2026-06-03,train,10,4,0,0.0,0,0,4
u-2019,3,2026-06-03,train,8,1,0,1.6,0,1,5
u-2020,3,2026-06-03,train,17,5,0,0.0,0,0,3
u-2021,3,2026-06-03,train,15,5,1,0.0,0,0,5
u-2022,3,2026-06-03,train,9,1,0,0.0,0,0,1
u-2023,3,2026-06-03,train,18,2,0,0.0,0,0,3
u-2024,3,2026-06-03,train,21,5,1,0.0,0,0,3
u-2025,3,2026-06-03,train,10,1,1,0.0,0,1,5
u-2026,3,2026-06-03,train,14,1,1,0.0,0,0,4
u-2027,3,2026-06-03,train,8,1,0,0.0,0,0,5
u-2028,3,2026-06-03,train,5,1,1,6.8,0,0,3
u-2029,3,2026-06-03,train,9,2,1,0.0,0,1,4
u-2030,3,2026-06-03,train,14,2,1,0.0,0,0,3
u-2031,3,2026-06-03,train,12,1,3,10.1,0,1,2
u-2032,3,2026-06-03,train,23,2,1,0.0,0,0,5
u-2033,3,2026-06-03,train,16,2,1,0.0,0,1,4
u-2034,3,2026-06-03,train,15,1,0,0.0,0,0,2
u-2035,3,2026-06-03,train,28,6,0,0.0,0,0,7
u-2036,3,2026-06-03,train,11,1,0,0.0,0,0,1
u-2037,3,2026-06-03,train,14,1,0,0.0,0,0,3
u-2038,3,2026-06-03,train,16,3,0,0.0,0,0,4
u-2039,3,2026-06-03,train,26,7,1,0.0,0,0,4
u-2040,3,2026-06-03,train,12,3,0,0.0,0,0,2
u-2041,3,2026-06-03,train,4,1,0,0.0,0,0,5
u-2042,3,2026-06-03,train,27,3,0,0.0,0,0,1
u-2043,3,2026-06-03,train,9,0,0,0.0,0,0,3
u-2044,3,2026-06-03,train,16,3,0,2.6,0,0,2
u-2045,3,2026-06-03,train,17,3,0,0.0,0,0,4
u-2046,3,2026-06-03,train,19,2,0,0.0,0,2,2
u-2047,3,2026-06-03,train,14,2,0,0.0,0,0,5
u-2048,3,2026-06-03,train,12,2,0,0.0,0,1,4
u-2049,3,2026-06-03,train,26,3,0,0.0,0,0,3
u-2050,3,2026-06-03,train,6,2,0,0.0,0,2,4
u-2051,3,2026-06-03,train,29,7,2,0.0,0,0,7
u-2052,3,2026-06-03,train,31,1,1,0.0,0,0,4
u-2053,3,2026-06-03,train,38,1,2,0.0,0,1,10
u-2054,3,2026-06-03,train,29,3,3,0.0,0,1,3
u-2055,3,2026-06-03,train,22,3,1,0.0,0,0,5
u-2056,3,2026-06-03,train,38,4,0,0.0,0,0,4
u-2057,3,2026-06-03,train,11,4,0,0.0,0,0,4
u-2058,3,2026-06-03,train,7,4,1,0.0,0,0,2
u-2059,3,2026-06-03,train,15,5,0,0.0,0,0,2
u-2060,3,2026-06-03,train,8,4,2,0.0,0,0,1
u-2001,4,2026-06-04,train,32,5,0,0.0,0,0,1
u-2002,4,2026-06-04,train,35,4,1,0.0,0,2,6
u-2003,4,2026-06-04,train,15,3,0,0.0,0,1,2
u-2004,4,2026-06-04,train,34,6,0,0.0,0,0,2
u-2005,4,2026-06-04,train,31,4,0,0.0,0,0,5
u-2006,4,2026-06-04,train,25,5,0,0.0,0,0,2
u-2007,4,2026-06-04,train,17,6,0,0.0,0,1,5
u-2008,4,2026-06-04,train,24,4,0,0.0,0,1,2
u-2009,4,2026-06-04,train,26,2,0,0.0,0,0,2
u-2010,4,2026-06-04,train,24,7,0,0.0,0,0,1
u-2011,4,2026-06-04,train,27,6,0,3.4,1,0,3
u-2012,4,2026-06-04,train,21,2,1,0.0,0,0,3
u-2013,4,2026-06-04,train,57,7,0,0.0,0,0,2
u-2014,4,2026-06-04,train,33,5,0,0.0,0,0,4
u-2015,4,2026-06-04,train,28,5,1,0.0,0,0,1
u-2016,4,2026-06-04,train,13,4,0,0.0,0,0,1
u-2017,4,2026-06-04,train,17,5,0,0.0,0,0,3
u-2018,4,2026-06-04,train,8,3,1,0.0,0,0,5
u-2019,4,2026-06-04,train,13,2,0,0.0,0,0,3
u-2020,4,2026-06-04,train,11,5,0,0.0,0,0,1
u-2021,4,2026-06-04,train,13,4,0,0.0,0,0,4
u-2022,4,2026-06-04,train,6,3,0,0.0,0,1,5
u-2023,4,2026-06-04,train,18,5,0,21.0,0,1,5
u-2024,4,2026-06-04,train,16,1,0,0.0,0,0,5
u-2025,4,2026-06-04,train,8,2,0,0.0,0,0,3
u-2026,4,2026-06-04,train,8,1,0,0.0,0,0,5
u-2027,4,2026-06-04,train,8,1,0,0.0,0,0,3
u-2028,4,2026-06-04,train,4,1,0,0.0,0,1,2
u-2029,4,2026-06-04,train,7,1,2,0.0,0,0,1
u-2030,4,2026-06-04,train,15,2,0,0.0,0,0,4
u-2031,4,2026-06-04,train,16,2,1,11.1,0,0,2
u-2032,4,2026-06-04,train,15,3,0,0.0,0,0,5
u-2033,4,2026-06-04,train,19,4,0,0.0,0,0,1
u-2034,4,2026-06-04,train,9,0,0,0.0,0,0,1
u-2035,4,2026-06-04,train,17,4,2,0.0,0,0,4
u-2036,4,2026-06-04,train,17,3,0,0.0,0,0,6
u-2037,4,2026-06-04,train,13,2,0,0.0,0,0,5
u-2038,4,2026-06-04,train,8,2,1,0.0,0,0,3
u-2039,4,2026-06-04,train,25,7,1,0.0,0,1,6
u-2040,4,2026-06-04,train,17,5,2,0.0,0,0,4
u-2041,4,2026-06-04,train,19,6,0,0.0,0,1,2
u-2042,4,2026-06-04,train,31,10,0,0.0,0,0,1
u-2043,4,2026-06-04,train,20,3,0,0.0,0,0,5
u-2044,4,2026-06-04,train,9,3,0,0.0,0,0,5
u-2045,4,2026-06-04,train,16,3,0,0.0,0,0,1
u-2046,4,2026-06-04,train,25,5,1,0.0,0,0,1
u-2047,4,2026-06-04,train,21,1,1,0.0,0,0,4
u-2048,4,2026-06-04,train,11,1,1,0.0,0,0,2
u-2049,4,2026-06-04,train,30,10,1,0.0,0,0,2
u-2050,4,2026-06-04,train,8,4,0,0.0,0,0,6
u-2051,4,2026-06-04,train,42,4,1,0.0,0,0,7
u-2052,4,2026-06-04,train,29,3,2,0.0,0,2,3
u-2053,4,2026-06-04,train,28,3,1,0.0,0,1,7
u-2054,4,2026-06-04,train,25,2,3,0.0,0,0,5
u-2055,4,2026-06-04,train,27,2,2,0.0,1,0,8
u-2056,4,2026-06-04,train,29,1,4,0.0,0,0,8
u-2057,4,2026-06-04,train,24,8,0,0.0,0,0,4
u-2058,4,2026-06-04,train,9,3,0,0.0,0,0,4
u-2059,4,2026-06-04,train,20,8,1,0.0,0,0,1
u-2060,4,2026-06-04,train,7,3,0,0.0,0,0,4
u-2001,5,2026-06-05,train,34,14,1,0.0,0,0,2
u-2002,5,2026-06-05,train,32,4,0,0.0,0,1,7
u-2003,5,2026-06-05,train,14,2,0,0.0,1,0,5
u-2004,5,2026-06-05,train,42,6,0,0.0,0,2,1
u-2005,5,2026-06-05,train,28,5,0,0.0,0,0,5
u-2006,5,2026-06-05,train,29,4,1,0.0,0,1,5
u-2007,5,2026-06-05,train,12,4,0,0.0,0,0,3
u-2008,5,2026-06-05,train,15,1,2,0.0,0,0,3
u-2009,5,2026-06-05,train,28,3,1,0.0,0,0,7
u-2010,5,2026-06-05,train,20,3,0,0.0,0,1,3
u-2011,5,2026-06-05,train,28,6,0,0.0,0,0,7
u-2012,5,2026-06-05,train,23,4,0,0.0,0,0,3
u-2013,5,2026-06-05,train,59,11,2,0.0,0,0,4
u-2014,5,2026-06-05,train,32,3,0,0.0,0,0,4
u-2015,5,2026-06-05,train,18,3,1,0.0,0,0,3
u-2016,5,2026-06-05,train,14,1,0,0.0,0,0,5
u-2017,5,2026-06-05,train,17,3,1,0.0,0,0,4
u-2018,5,2026-06-05,train,9,3,1,0.0,0,0,4
u-2019,5,2026-06-05,train,12,4,0,0.0,0,0,5
u-2020,5,2026-06-05,train,20,9,1,0.0,0,0,2
u-2021,5,2026-06-05,train,16,4,0,0.0,0,1,4
u-2022,5,2026-06-05,train,10,4,0,0.0,0,0,4
u-2023,5,2026-06-05,train,22,5,0,0.0,0,0,1
u-2024,5,2026-06-05,train,18,5,0,0.0,0,1,2
u-2025,5,2026-06-05,train,6,0,0,0.0,0,0,4
u-2026,5,2026-06-05,train,16,1,0,0.0,0,0,1
u-2027,5,2026-06-05,train,15,1,0,0.0,0,1,2
u-2028,5,2026-06-05,train,9,0,0,0.0,0,0,3
u-2029,5,2026-06-05,train,10,2,0,0.0,0,0,3
u-2030,5,2026-06-05,train,16,2,0,0.0,0,0,3
u-2031,5,2026-06-05,train,15,1,0,0.0,0,1,1
u-2032,5,2026-06-05,train,23,3,1,2.6,0,0,2
u-2033,5,2026-06-05,train,13,2,0,0.0,0,0,5
u-2034,5,2026-06-05,train,9,0,0,0.0,0,1,2
u-2035,5,2026-06-05,train,27,7,0,0.0,0,0,5
u-2036,5,2026-06-05,train,15,3,0,0.0,0,0,7
u-2037,5,2026-06-05,train,22,3,1,0.0,0,0,4
u-2038,5,2026-06-05,train,10,2,0,0.0,0,0,6
u-2039,5,2026-06-05,train,22,6,1,0.0,0,2,3
u-2040,5,2026-06-05,train,14,0,1,0.0,0,0,4
u-2041,5,2026-06-05,train,12,3,1,0.0,0,0,5
u-2042,5,2026-06-05,train,25,6,0,0.0,0,0,3
u-2043,5,2026-06-05,train,16,2,0,0.0,0,0,6
u-2044,5,2026-06-05,train,17,3,0,0.0,0,0,6
u-2045,5,2026-06-05,train,12,4,1,0.0,0,1,2
u-2046,5,2026-06-05,train,18,4,0,0.0,0,0,4
u-2047,5,2026-06-05,train,13,3,0,0.0,0,0,3
u-2048,5,2026-06-05,train,16,3,0,0.0,0,0,5
u-2049,5,2026-06-05,train,37,9,0,0.0,0,0,4
u-2050,5,2026-06-05,train,18,3,0,0.0,0,0,1
u-2051,5,2026-06-05,train,38,6,0,0.0,0,0,11
u-2052,5,2026-06-05,train,33,1,3,0.0,1,0,12
u-2053,5,2026-06-05,train,28,2,2,25.9,0,0,3
u-2054,5,2026-06-05,train,36,6,3,0.0,0,0,6
u-2055,5,2026-06-05,train,31,1,2,0.0,0,1,6
u-2056,5,2026-06-05,train,31,4,0,0.0,0,1,6
u-2057,5,2026-06-05,train,14,9,0,0.0,0,0,2
u-2058,5,2026-06-05,train,14,1,0,0.0,0,0,4
u-2059,5,2026-06-05,train,18,9,0,0.0,0,0,2
u-2060,5,2026-06-05,train,4,2,0,0.0,0,0,1
u-2001,6,2026-06-06,train,5,0,1,0.0,0,0,4
u-2002,6,2026-06-06,train,3,1,0,0.0,0,0,1
u-2003,6,2026-06-06,train,1,0,0,0.0,0,0,3
u-2004,6,2026-06-06,train,4,0,0,0.0,0,0,3
u-2005,6,2026-06-06,train,3,1,0,0.0,0,0,4
u-2006,6,2026-06-06,train,1,0,0,0.0,0,0,2
u-2007,6,2026-06-06,train,2,1,2,0.0,0,0,2
u-2008,6,2026-06-06,train,3,0,0,0.0,0,0,8
u-2009,6,2026-06-06,train,2,0,0,0.0,0,0,2
u-2010,6,2026-06-06,train,1,0,0,0.0,0,0,4
u-2011,6,2026-06-06,train,5,0,0,0.0,0,0,4
u-2012,6,2026-06-06,train,2,0,0,0.0,0,0,3
u-2013,6,2026-06-06,train,8,0,1,0.0,0,0,4
u-2014,6,2026-06-06,train,3,1,0,0.0,1,0,5
u-2015,6,2026-06-06,train,2,0,1,0.0,0,0,4
u-2016,6,2026-06-06,train,1,1,0,0.0,0,0,1
u-2017,6,2026-06-06,train,0,0,0,0.0,0,0,0
u-2018,6,2026-06-06,train,2,0,0,0.0,0,0,4
u-2019,6,2026-06-06,train,0,0,0,0.0,0,0,0
u-2020,6,2026-06-06,train,0,0,0,0.0,0,0,0
u-2021,6,2026-06-06,train,1,0,0,0.0,0,0,5
u-2022,6,2026-06-06,train,0,0,0,0.0,0,0,0
u-2023,6,2026-06-06,train,2,0,0,0.0,0,0,2
u-2024,6,2026-06-06,train,5,2,0,0.0,0,0,4
u-2025,6,2026-06-06,train,1,0,0,0.0,0,0,5
u-2026,6,2026-06-06,train,3,0,0,0.0,0,0,1
u-2027,6,2026-06-06,train,1,0,0,0.0,0,0,1
u-2028,6,2026-06-06,train,3,0,0,0.0,0,1,1
u-2029,6,2026-06-06,train,0,0,0,0.0,0,0,0
u-2030,6,2026-06-06,train,0,0,0,0.0,0,0,0
u-2031,6,2026-06-06,train,0,0,0,0.0,0,0,0
u-2032,6,2026-06-06,train,1,0,0,0.0,0,0,5
u-2033,6,2026-06-06,train,2,0,0,0.0,0,0,2
u-2034,6,2026-06-06,train,0,0,0,0.0,0,0,0
u-2035,6,2026-06-06,train,3,1,1,0.0,0,0,6
u-2036,6,2026-06-06,train,2,0,0,0.0,0,0,4
u-2037,6,2026-06-06,train,3,0,1,0.0,0,0,5
u-2038,6,2026-06-06,train,3,1,0,0.0,0,0,4
u-2039,6,2026-06-06,train,1,0,0,0.0,0,0,4
u-2040,6,2026-06-06,train,1,1,0,0.0,0,0,4
u-2041,6,2026-06-06,train,0,0,0,0.0,0,0,0
u-2042,6,2026-06-06,train,2,1,0,0.0,0,0,5
u-2043,6,2026-06-06,train,4,1,0,0.0,0,0,6
u-2044,6,2026-06-06,train,2,0,0,0.0,0,0,1
u-2045,6,2026-06-06,train,0,0,0,0.0,0,0,0
u-2046,6,2026-06-06,train,0,0,0,0.0,0,0,0
u-2047,6,2026-06-06,train,4,0,1,0.0,0,0,1
u-2048,6,2026-06-06,train,2,0,1,0.0,0,0,4
u-2049,6,2026-06-06,train,4,1,0,0.0,0,0,2
u-2050,6,2026-06-06,train,1,1,0,0.0,0,0,3
u-2051,6,2026-06-06,train,1,0,0,0.0,0,0,6
u-2052,6,2026-06-06,train,4,0,1,0.0,0,0,7
u-2053,6,2026-06-06,train,4,0,0,0.0,0,0,4
u-2054,6,2026-06-06,train,4,1,2,0.0,0,0,5
u-2055,6,2026-06-06,train,2,0,0,0.0,0,0,5
u-2056,6,2026-06-06,train,2,0,1,0.0,0,0,3
u-2057,6,2026-06-06,train,2,0,0,0.0,0,0,2
u-2058,6,2026-06-06,train,1,1,0,0.0,0,0,2
u-2059,6,2026-06-06,train,0,0,0,0.0,0,0,0
u-2060,6,2026-06-06,train,1,0,0,0.0,0,0,4
u-2001,7,2026-06-07,train,3,3,0,0.0,0,0,2
u-2002,7,2026-06-07,train,1,0,0,0.0,0,0,4
u-2003,7,2026-06-07,train,0,0,0,0.0,0,0,0
u-2004,7,2026-06-07,train,3,0,0,0.0,0,0,1
u-2005,7,2026-06-07,train,1,0,0,0.0,0,0,3
u-2006,7,2026-06-07,train,2,1,0,0.0,0,0,3
u-2007,7,2026-06-07,train,2,2,0,0.0,0,0,8
u-2008,7,2026-06-07,train,0,0,0,0.0,0,0,0
u-2009,7,2026-06-07,train,3,1,1,0.0,0,0,3
u-2010,7,2026-06-07,train,2,0,1,0.0,0,0,6
u-2011,7,2026-06-07,train,1,1,0,0.0,0,0,6
u-2012,7,2026-06-07,train,1,0,1,0.0,0,0,2
u-2013,7,2026-06-07,train,10,4,0,0.0,0,0,6
u-2014,7,2026-06-07,train,5,1,0,0.0,0,0,5
u-2015,7,2026-06-07,train,2,0,1,0.0,0,0,4
u-2016,7,2026-06-07,train,2,0,0,0.0,0,0,3
u-2017,7,2026-06-07,train,2,1,0,0.0,0,0,2
u-2018,7,2026-06-07,train,3,1,0,0.0,0,0,2
u-2019,7,2026-06-07,train,1,0,0,0.0,0,0,4
u-2020,7,2026-06-07,train,3,1,0,0.0,0,0,4
u-2021,7,2026-06-07,train,0,0,0,0.0,0,0,0
u-2022,7,2026-06-07,train,2,0,0,0.0,0,0,4
u-2023,7,2026-06-07,train,1,0,0,0.0,0,0,5
u-2024,7,2026-06-07,train,1,0,0,0.0,0,0,3
u-2025,7,2026-06-07,train,1,0,0,0.0,0,0,4
u-2026,7,2026-06-07,train,1,0,0,0.0,0,0,4
u-2027,7,2026-06-07,train,1,0,0,0.0,0,0,3
u-2028,7,2026-06-07,train,0,0,0,0.0,0,0,0
u-2029,7,2026-06-07,train,0,0,2,0.0,0,0,0
u-2030,7,2026-06-07,train,1,0,0,0.0,0,0,2
u-2031,7,2026-06-07,train,0,0,0,0.0,0,0,0
u-2032,7,2026-06-07,train,4,1,0,0.0,0,0,2
u-2033,7,2026-06-07,train,0,0,0,0.0,0,0,0
u-2034,7,2026-06-07,train,1,0,0,0.0,0,0,5
u-2035,7,2026-06-07,train,0,0,0,0.0,0,0,0
u-2036,7,2026-06-07,train,1,1,0,0.0,0,0,5
u-2037,7,2026-06-07,train,5,1,1,0.0,0,0,1
u-2038,7,2026-06-07,train,2,0,0,0.0,0,0,5
u-2039,7,2026-06-07,train,1,1,0,0.0,0,0,1
u-2040,7,2026-06-07,train,1,0,0,0.0,0,0,4
u-2041,7,2026-06-07,train,1,0,0,0.0,0,0,4
u-2042,7,2026-06-07,train,7,3,0,0.0,0,0,1
u-2043,7,2026-06-07,train,2,0,0,0.0,0,0,3
u-2044,7,2026-06-07,train,0,0,0,0.0,0,0,0
u-2045,7,2026-06-07,train,0,0,0,0.0,0,0,0
u-2046,7,2026-06-07,train,1,0,0,0.0,0,0,2
u-2047,7,2026-06-07,train,3,0,0,0.0,0,0,4
u-2048,7,2026-06-07,train,2,0,0,0.0,0,0,1
u-2049,7,2026-06-07,train,3,2,0,0.0,0,0,5
u-2050,7,2026-06-07,train,0,0,0,0.0,0,0,0
u-2051,7,2026-06-07,train,3,0,2,0.0,0,0,7
u-2052,7,2026-06-07,train,4,1,0,0.0,0,0,7
u-2053,7,2026-06-07,train,5,2,1,0.0,0,0,5
u-2054,7,2026-06-07,train,2,0,0,0.0,0,0,2
u-2055,7,2026-06-07,train,2,0,0,0.0,0,0,3
u-2056,7,2026-06-07,train,2,0,2,0.0,0,0,3
u-2057,7,2026-06-07,train,2,0,0,0.0,0,0,1
u-2058,7,2026-06-07,train,0,0,0,0.0,0,0,0
u-2059,7,2026-06-07,train,1,0,0,0.0,0,0,4
u-2060,7,2026-06-07,train,0,0,0,0.0,0,0,0
u-2001,8,2026-06-08,train,43,6,1,0.0,0,2,3
u-2002,8,2026-06-08,train,37,6,0,0.0,0,0,4
u-2003,8,2026-06-08,train,10,5,1,0.0,1,0,9
u-2004,8,2026-06-08,train,31,8,0,0.0,0,2,4
u-2005,8,2026-06-08,train,27,3,0,0.0,0,0,5
u-2006,8,2026-06-08,train,23,4,0,0.0,0,0,1
u-2007,8,2026-06-08,train,11,3,0,0.0,0,1,4
u-2008,8,2026-06-08,train,34,9,0,0.0,0,0,4
u-2009,8,2026-06-08,train,26,4,2,0.0,0,0,6
u-2010,8,2026-06-08,train,25,4,0,0.0,0,1,4
u-2011,8,2026-06-08,train,28,5,1,0.0,0,0,2
u-2012,8,2026-06-08,train,24,1,0,0.0,0,0,8
u-2013,8,2026-06-08,train,65,14,0,0.0,0,0,2
u-2014,8,2026-06-08,train,46,9,2,0.0,0,1,3
u-2015,8,2026-06-08,train,30,11,0,0.0,0,0,3
u-2016,8,2026-06-08,train,7,4,1,0.0,0,0,5
u-2017,8,2026-06-08,train,14,5,0,0.0,0,0,5
u-2018,8,2026-06-08,train,18,8,0,0.0,0,1,2
u-2019,8,2026-06-08,train,9,4,0,0.0,0,0,5
u-2020,8,2026-06-08,train,14,9,0,0.0,0,0,2
u-2021,8,2026-06-08,train,9,3,0,0.0,0,0,2
u-2022,8,2026-06-08,train,12,0,2,0.0,0,0,1
u-2023,8,2026-06-08,train,14,4,0,0.0,0,0,5
u-2024,8,2026-06-08,train,17,2,1,0.0,0,0,3
u-2025,8,2026-06-08,train,8,0,0,5.9,0,0,5
u-2026,8,2026-06-08,train,13,0,1,0.0,0,0,2
u-2027,8,2026-06-08,train,7,3,0,0.0,0,0,4
u-2028,8,2026-06-08,train,9,1,0,0.0,0,0,2
u-2029,8,2026-06-08,train,5,0,0,0.0,0,0,5
u-2030,8,2026-06-08,train,18,3,0,0.0,0,0,2
u-2031,8,2026-06-08,train,10,2,0,11.3,0,1,4
u-2032,8,2026-06-08,train,15,0,2,22.1,0,0,1
u-2033,8,2026-06-08,train,14,4,0,11.3,0,0,5
u-2034,8,2026-06-08,train,16,2,3,0.0,0,0,1
u-2035,8,2026-06-08,train,15,1,0,0.0,0,1,5
u-2036,8,2026-06-08,train,11,3,0,0.0,0,0,3
u-2037,8,2026-06-08,train,15,4,0,0.0,0,0,3
u-2038,8,2026-06-08,train,16,7,0,0.0,0,0,3
u-2039,8,2026-06-08,train,22,9,0,0.0,0,0,7
u-2040,8,2026-06-08,train,19,1,0,0.0,0,0,2
u-2041,8,2026-06-08,train,8,3,0,0.0,0,0,3
u-2042,8,2026-06-08,train,25,5,3,0.0,0,0,7
u-2043,8,2026-06-08,train,8,2,0,0.0,0,0,1
u-2044,8,2026-06-08,train,10,0,0,0.0,0,0,2
u-2045,8,2026-06-08,train,21,4,0,0.0,0,1,6
u-2046,8,2026-06-08,train,15,3,0,0.0,0,0,1
u-2047,8,2026-06-08,train,10,1,0,0.0,0,0,4
u-2048,8,2026-06-08,train,14,2,1,0.0,0,0,1
u-2049,8,2026-06-08,train,46,12,0,0.0,0,0,4
u-2050,8,2026-06-08,train,10,2,0,0.0,0,0,6
u-2051,8,2026-06-08,train,35,5,1,0.0,0,0,2
u-2052,8,2026-06-08,train,27,1,0,19.8,0,0,7
u-2053,8,2026-06-08,train,35,4,2,0.0,0,1,3
u-2054,8,2026-06-08,train,35,1,0,0.0,0,0,5
u-2055,8,2026-06-08,train,35,2,0,0.0,0,1,5
u-2056,8,2026-06-08,train,26,3,2,0.0,0,1,7
u-2057,8,2026-06-08,train,16,4,0,0.0,0,0,3
u-2058,8,2026-06-08,train,9,3,0,0.0,0,0,4
u-2059,8,2026-06-08,train,23,9,0,0.0,0,0,1
u-2060,8,2026-06-08,train,4,3,0,0.0,0,0,1
u-2001,9,2026-06-09,train,27,1,0,0.0,0,0,1
u-2002,9,2026-06-09,train,35,7,0,0.0,0,2,3
u-2003,9,2026-06-09,train,16,0,1,0.0,0,1,5
u-2004,9,2026-06-09,train,40,3,0,0.0,1,0,3
u-2005,9,2026-06-09,train,26,4,0,0.0,0,0,4
u-2006,9,2026-06-09,train,21,4,0,0.0,1,0,9
u-2007,9,2026-06-09,train,14,3,0,0.0,0,0,3
u-2008,9,2026-06-09,train,21,9,0,3.7,0,0,3
u-2009,9,2026-06-09,train,40,9,1,0.0,0,0,2
u-2010,9,2026-06-09,train,26,3,1,0.0,0,0,1
u-2011,9,2026-06-09,train,28,2,0,0.0,0,0,4
u-2012,9,2026-06-09,train,26,6,0,0.0,0,0,3
u-2013,9,2026-06-09,train,53,7,0,0.0,0,0,4
u-2014,9,2026-06-09,train,28,3,0,0.0,0,0,7
u-2015,9,2026-06-09,train,23,2,1,0.0,0,0,2
u-2016,9,2026-06-09,train,10,5,0,0.0,0,0,5
u-2017,9,2026-06-09,train,25,5,1,0.0,0,0,2
u-2018,9,2026-06-09,train,13,4,1,0.0,0,0,2
u-2019,9,2026-06-09,train,9,2,0,0.0,0,0,2
u-2020,9,2026-06-09,train,17,5,0,0.0,0,1,2
u-2021,9,2026-06-09,train,12,5,0,24.8,0,1,3
u-2022,9,2026-06-09,train,7,2,0,0.0,0,0,4
u-2023,9,2026-06-09,train,14,1,1,8.7,0,0,4
u-2024,9,2026-06-09,train,14,1,0,0.0,0,0,3
u-2025,9,2026-06-09,train,9,1,1,0.0,0,0,5
u-2026,9,2026-06-09,train,6,0,0,7.4,0,1,4
u-2027,9,2026-06-09,train,8,1,0,4.5,0,0,4
u-2028,9,2026-06-09,train,6,0,0,0.0,0,0,4
u-2029,9,2026-06-09,train,8,0,0,7.4,0,0,4
u-2030,9,2026-06-09,train,6,0,1,0.0,0,0,3
u-2031,9,2026-06-09,train,20,3,2,0.0,0,0,5
u-2032,9,2026-06-09,train,22,6,1,0.0,0,0,2
u-2033,9,2026-06-09,train,18,3,2,0.0,0,1,1
u-2034,9,2026-06-09,train,5,0,1,0.0,0,0,2
u-2035,9,2026-06-09,train,19,5,1,0.0,0,0,4
u-2036,9,2026-06-09,train,18,4,0,0.0,0,1,6
u-2037,9,2026-06-09,train,20,1,0,0.0,0,0,5
u-2038,9,2026-06-09,train,13,3,0,0.0,0,0,3
u-2039,9,2026-06-09,train,24,7,0,7.1,0,1,7
u-2040,9,2026-06-09,train,18,4,0,0.0,0,0,4
u-2041,9,2026-06-09,train,11,2,0,0.0,0,0,7
u-2042,9,2026-06-09,train,17,3,0,0.0,0,0,2
u-2043,9,2026-06-09,train,12,1,0,0.0,0,0,4
u-2044,9,2026-06-09,train,15,6,0,0.0,0,1,2
u-2045,9,2026-06-09,train,18,3,0,0.0,0,0,2
u-2046,9,2026-06-09,train,18,5,1,0.0,0,0,3
u-2047,9,2026-06-09,train,11,2,0,0.0,0,0,3
u-2048,9,2026-06-09,train,21,5,0,0.0,0,0,2
u-2049,9,2026-06-09,train,32,6,0,0.0,0,1,3
u-2050,9,2026-06-09,train,9,4,1,0.0,0,0,3
u-2051,9,2026-06-09,train,27,2,0,0.0,0,0,4
u-2052,9,2026-06-09,train,48,6,1,0.0,0,0,4
u-2053,9,2026-06-09,train,31,0,1,0.0,0,0,4
u-2054,9,2026-06-09,train,25,2,1,0.0,0,1,8
u-2055,9,2026-06-09,train,32,4,0,0.0,0,0,6
u-2056,9,2026-06-09,train,27,4,0,0.0,0,0,5
u-2057,9,2026-06-09,train,22,6,0,0.0,0,0,3
u-2058,9,2026-06-09,train,12,5,1,0.0,0,1,4
u-2059,9,2026-06-09,train,15,5,0,0.0,0,0,1
u-2060,9,2026-06-09,train,9,3,0,0.0,0,0,2
u-2001,10,2026-06-10,train,38,9,0,0.0,0,0,8
u-2002,10,2026-06-10,train,54,13,2,0.0,0,0,3
u-2003,10,2026-06-10,train,17,3,0,0.0,0,0,1
u-2004,10,2026-06-10,train,30,7,0,0.0,0,0,4
u-2005,10,2026-06-10,train,30,3,0,0.0,1,0,6
u-2006,10,2026-06-10,train,26,3,0,0.0,1,0,4
u-2007,10,2026-06-10,train,16,2,0,0.0,0,0,4
u-2008,10,2026-06-10,train,20,5,0,0.0,0,1,5
u-2009,10,2026-06-10,train,30,5,1,0.0,1,0,5
u-2010,10,2026-06-10,train,22,4,0,0.0,0,0,2
u-2011,10,2026-06-10,train,29,10,2,0.0,0,0,3
u-2012,10,2026-06-10,train,31,3,1,0.0,0,0,5
u-2013,10,2026-06-10,train,52,12,0,0.0,0,0,4
u-2014,10,2026-06-10,train,27,3,1,0.0,0,0,3
u-2015,10,2026-06-10,train,23,6,1,0.0,0,0,3
u-2016,10,2026-06-10,train,8,3,0,0.0,0,1,3
u-2017,10,2026-06-10,train,24,5,1,0.0,0,0,3
u-2018,10,2026-06-10,train,11,2,1,0.0,0,0,2
u-2019,10,2026-06-10,train,13,3,1,0.0,0,1,3
u-2020,10,2026-06-10,train,16,3,0,0.0,0,0,1
u-2021,10,2026-06-10,train,16,4,0,0.0,0,1,3
u-2022,10,2026-06-10,train,8,0,0,0.0,0,0,1
u-2023,10,2026-06-10,train,16,4,1,0.0,0,0,1
u-2024,10,2026-06-10,train,17,3,0,0.0,0,0,1
u-2025,10,2026-06-10,train,6,2,0,8.6,0,0,1
u-2026,10,2026-06-10,train,8,0,2,0.0,0,0,1
u-2027,10,2026-06-10,train,15,1,0,22.9,0,0,3
u-2028,10,2026-06-10,train,4,0,1,0.0,0,1,1
u-2029,10,2026-06-10,train,7,0,1,4.9,0,0,5
u-2030,10,2026-06-10,train,12,0,1,0.0,0,0,5
u-2031,10,2026-06-10,train,14,2,0,0.0,0,0,3
u-2032,10,2026-06-10,train,21,2,1,0.0,0,0,5
u-2033,10,2026-06-10,train,15,2,1,0.0,0,1,4
u-2034,10,2026-06-10,train,7,0,1,0.0,0,0,5
u-2035,10,2026-06-10,train,21,8,0,0.0,0,0,5
u-2036,10,2026-06-10,train,10,1,0,0.0,0,0,4
u-2037,10,2026-06-10,train,7,0,1,0.0,0,0,3
u-2038,10,2026-06-10,train,10,3,0,0.0,0,0,7
u-2039,10,2026-06-10,train,29,8,1,0.0,0,0,5
u-2040,10,2026-06-10,train,18,3,1,0.0,0,2,1
u-2041,10,2026-06-10,train,14,5,0,0.0,0,1,3
u-2042,10,2026-06-10,train,22,5,0,0.0,0,0,4
u-2043,10,2026-06-10,train,8,3,0,0.0,0,0,5
u-2044,10,2026-06-10,train,8,3,0,0.0,0,0,3
u-2045,10,2026-06-10,train,20,2,1,0.0,0,0,3
u-2046,10,2026-06-10,train,25,7,0,0.0,0,0,3
u-2047,10,2026-06-10,train,13,3,0,0.0,0,0,3
u-2048,10,2026-06-10,train,11,3,0,0.0,0,0,6
u-2049,10,2026-06-10,train,28,0,0,0.0,1,0,5
u-2050,10,2026-06-10,train,10,1,0,0.0,0,0,2
u-2051,10,2026-06-10,train,39,4,2,0.0,0,2,4
u-2052,10,2026-06-10,train,39,2,1,0.0,0,2,3
u-2053,10,2026-06-10,train,30,1,0,0.0,0,0,10
u-2054,10,2026-06-10,train,28,0,2,0.0,1,1,8
u-2055,10,2026-06-10,train,32,1,0,0.0,0,0,7
u-2056,10,2026-06-10,train,29,3,3,0.0,0,1,12
u-2057,10,2026-06-10,train,21,5,0,0.0,0,0,2
u-2058,10,2026-06-10,train,13,6,0,0.0,0,0,1
u-2059,10,2026-06-10,train,21,6,0,0.0,0,0,1
u-2060,10,2026-06-10,train,14,5,0,0.0,0,0,3
u-2001,11,2026-06-11,train,24,4,1,0.0,0,0,7
u-2002,11,2026-06-11,train,30,4,0,0.0,0,0,5
u-2003,11,2026-06-11,train,16,5,1,0.0,0,0,4
u-2004,11,2026-06-11,train,37,10,0,0.0,0,0,5
u-2005,11,2026-06-11,train,35,3,0,0.0,0,0,4
u-2006,11,2026-06-11,train,28,4,2,0.0,0,0,8
u-2007,11,2026-06-11,train,11,3,0,0.0,0,0,3
u-2008,11,2026-06-11,train,18,0,2,0.0,0,0,6
u-2009,11,2026-06-11,train,34,5,1,0.0,0,0,6
u-2010,11,2026-06-11,train,19,2,1,0.0,0,0,3
u-2011,11,2026-06-11,train,29,6,0,0.0,0,1,7
u-2012,11,2026-06-11,train,22,2,0,0.0,0,0,5
u-2013,11,2026-06-11,train,59,14,1,0.0,0,0,8
u-2014,11,2026-06-11,train,27,5,0,0.0,0,1,7
u-2015,11,2026-06-11,train,29,3,0,0.0,0,0,3
u-2016,11,2026-06-11,train,10,2,0,0.0,0,0,5
u-2017,11,2026-06-11,train,24,4,2,0.0,0,0,1
u-2018,11,2026-06-11,train,20,6,0,0.0,0,0,1
u-2019,11,2026-06-11,train,11,3,0,0.0,0,2,5
u-2020,11,2026-06-11,train,12,4,3,0.0,0,1,4
u-2021,11,2026-06-11,train,13,6,3,2.9,0,1,4
u-2022,11,2026-06-11,train,4,0,0,0.0,0,1,2
u-2023,11,2026-06-11,train,17,5,0,0.0,0,0,2
u-2024,11,2026-06-11,train,12,2,1,0.0,0,0,5
u-2025,11,2026-06-11,train,7,0,1,0.0,0,0,3
u-2026,11,2026-06-11,train,8,1,0,0.0,0,1,2
u-2027,11,2026-06-11,train,12,3,0,0.0,0,0,2
u-2028,11,2026-06-11,train,10,1,0,0.0,0,0,1
u-2029,11,2026-06-11,train,6,0,0,0.0,0,0,2
u-2030,11,2026-06-11,train,16,1,0,2.8,0,0,1
u-2031,11,2026-06-11,train,15,2,0,9.2,0,0,3
u-2032,11,2026-06-11,train,24,3,0,0.0,0,0,1
u-2033,11,2026-06-11,train,12,1,0,0.0,0,1,4
u-2034,11,2026-06-11,train,8,1,0,0.0,0,0,2
u-2035,11,2026-06-11,train,28,9,0,0.0,0,0,5
u-2036,11,2026-06-11,train,18,5,2,0.0,0,0,2
u-2037,11,2026-06-11,train,25,3,1,0.0,0,1,3
u-2038,11,2026-06-11,train,17,2,0,0.0,0,0,4
u-2039,11,2026-06-11,train,20,5,1,0.0,0,1,2
u-2040,11,2026-06-11,train,13,0,0,0.0,1,0,6
u-2041,11,2026-06-11,train,13,3,0,0.0,0,0,4
u-2042,11,2026-06-11,train,22,5,1,0.0,0,0,3
u-2043,11,2026-06-11,train,15,5,0,0.0,0,0,2
u-2044,11,2026-06-11,train,7,1,1,0.0,0,0,2
u-2045,11,2026-06-11,train,18,4,0,0.0,0,0,1
u-2046,11,2026-06-11,train,17,2,0,0.0,0,0,6
u-2047,11,2026-06-11,train,12,0,1,0.0,0,1,2
u-2048,11,2026-06-11,train,23,3,0,0.0,0,0,1
u-2049,11,2026-06-11,train,22,2,2,0.0,0,2,2
u-2050,11,2026-06-11,train,9,3,0,0.0,0,0,4
u-2051,11,2026-06-11,train,35,2,4,0.0,0,2,8
u-2052,11,2026-06-11,train,36,2,1,0.0,0,0,10
u-2053,11,2026-06-11,train,32,2,0,0.0,0,0,5
u-2054,11,2026-06-11,train,29,4,0,0.0,0,0,11
u-2055,11,2026-06-11,train,23,1,3,0.0,0,1,7
u-2056,11,2026-06-11,train,29,2,1,0.0,0,1,8
u-2057,11,2026-06-11,train,17,5,1,0.0,0,0,1
u-2058,11,2026-06-11,train,10,3,0,0.0,0,0,1
u-2059,11,2026-06-11,train,22,6,0,0.0,0,0,2
u-2060,11,2026-06-11,train,8,1,0,0.0,0,0,2
u-2001,12,2026-06-12,train,34,6,0,0.0,0,0,7
u-2002,12,2026-06-12,train,30,3,0,0.0,1,0,6
u-2003,12,2026-06-12,train,11,0,0,0.0,0,0,3
u-2004,12,2026-06-12,train,42,10,1,0.0,0,0,8
u-2005,12,2026-06-12,train,22,3,0,0.0,0,0,7
u-2006,12,2026-06-12,train,26,2,0,0.0,0,0,4
u-2007,12,2026-06-12,train,14,2,0,0.0,0,0,4
u-2008,12,2026-06-12,train,28,7,0,3.4,0,0,2
u-2009,12,2026-06-12,train,27,4,1,0.0,0,0,8
u-2010,12,2026-06-12,train,33,8,0,0.0,0,0,7
u-2011,12,2026-06-12,train,25,5,2,0.0,0,0,2
u-2012,12,2026-06-12,train,21,2,1,0.0,0,0,3
u-2013,12,2026-06-12,train,60,8,1,0.0,0,0,4
u-2014,12,2026-06-12,train,27,2,0,0.0,0,1,3
u-2015,12,2026-06-12,train,22,5,0,0.0,0,1,1
u-2016,12,2026-06-12,train,8,1,0,0.0,0,0,4
u-2017,12,2026-06-12,train,18,5,1,0.0,0,0,3
u-2018,12,2026-06-12,train,11,4,0,0.0,0,1,1
u-2019,12,2026-06-12,train,15,5,0,0.0,0,0,3
u-2020,12,2026-06-12,train,18,8,0,0.0,0,0,5
u-2021,12,2026-06-12,train,11,4,0,0.0,0,0,4
u-2022,12,2026-06-12,train,7,0,1,0.0,0,0,3
u-2023,12,2026-06-12,train,13,5,0,0.0,0,0,1
u-2024,12,2026-06-12,train,15,1,0,0.0,0,0,2
u-2025,12,2026-06-12,train,9,1,0,4.9,0,0,4
u-2026,12,2026-06-12,train,7,0,0,0.0,0,0,5
u-2027,12,2026-06-12,train,5,0,0,0.0,0,0,2
u-2028,12,2026-06-12,train,10,0,0,0.0,0,0,4
u-2029,12,2026-06-12,train,7,1,1,0.0,0,0,2
u-2030,12,2026-06-12,train,16,4,0,0.0,1,1,4
u-2031,12,2026-06-12,train,15,1,0,0.0,0,0,2
u-2032,12,2026-06-12,train,29,4,0,0.0,0,0,5
u-2033,12,2026-06-12,train,10,2,0,0.0,0,0,5
u-2034,12,2026-06-12,train,10,0,0,0.0,0,0,3
u-2035,12,2026-06-12,train,23,6,0,0.0,0,0,6
u-2036,12,2026-06-12,train,11,1,0,0.0,0,1,1
u-2037,12,2026-06-12,train,17,2,0,0.0,0,0,7
u-2038,12,2026-06-12,train,15,2,1,0.0,0,0,3
u-2039,12,2026-06-12,train,15,3,0,0.0,0,0,3
u-2040,12,2026-06-12,train,11,0,1,0.0,0,0,5
u-2041,12,2026-06-12,train,11,1,0,0.0,1,1,4
u-2042,12,2026-06-12,train,25,6,0,0.0,0,0,4
u-2043,12,2026-06-12,train,17,4,0,0.0,0,0,2
u-2044,12,2026-06-12,train,17,4,1,0.0,1,0,7
u-2045,12,2026-06-12,train,19,1,0,0.0,0,2,3
u-2046,12,2026-06-12,train,25,3,0,0.0,0,0,4
u-2047,12,2026-06-12,train,14,0,1,0.0,0,0,2
u-2048,12,2026-06-12,train,12,3,1,0.0,0,0,6
u-2049,12,2026-06-12,train,44,8,0,14.9,0,0,2
u-2050,12,2026-06-12,train,9,3,0,0.0,0,0,3
u-2051,12,2026-06-12,train,30,0,2,0.0,0,0,5
u-2052,12,2026-06-12,train,30,1,1,0.0,0,0,8
u-2053,12,2026-06-12,train,36,3,3,0.0,0,1,6
u-2054,12,2026-06-12,train,38,2,3,0.0,0,0,7
u-2055,12,2026-06-12,train,32,4,2,0.0,0,0,8
u-2056,12,2026-06-12,train,22,3,1,0.0,0,1,10
u-2057,12,2026-06-12,train,25,4,0,0.0,0,0,2
u-2058,12,2026-06-12,train,14,4,0,0.0,0,0,1
u-2059,12,2026-06-12,train,19,8,0,0.0,0,0,3
u-2060,12,2026-06-12,train,14,2,0,0.0,0,0,3
u-2001,13,2026-06-13,train,4,0,0,0.0,0,0,4
u-2002,13,2026-06-13,train,3,0,0,0.0,0,0,2
u-2003,13,2026-06-13,train,1,1,2,0.0,0,0,3
u-2004,13,2026-06-13,train,3,1,0,0.0,0,0,1
u-2005,13,2026-06-13,train,2,0,0,0.0,0,0,5
u-2006,13,2026-06-13,train,2,0,1,0.0,0,0,5
u-2007,13,2026-06-13,train,3,3,0,0.0,0,0,2
u-2008,13,2026-06-13,train,1,0,0,0.0,0,1,3
u-2009,13,2026-06-13,train,7,1,0,0.0,0,0,2
u-2010,13,2026-06-13,train,3,1,0,0.0,0,0,4
u-2011,13,2026-06-13,train,3,1,1,0.0,0,0,3
u-2012,13,2026-06-13,train,8,2,0,0.0,0,0,4
u-2013,13,2026-06-13,train,7,2,0,0.0,0,0,4
u-2014,13,2026-06-13,train,4,0,0,0.0,0,0,2
u-2015,13,2026-06-13,train,3,0,0,0.0,0,0,4
u-2016,13,2026-06-13,train,0,0,0,0.0,0,0,0
u-2017,13,2026-06-13,train,3,1,0,0.0,0,0,2
u-2018,13,2026-06-13,train,1,0,0,0.0,0,0,5
u-2019,13,2026-06-13,train,2,1,0,0.0,0,0,1
u-2020,13,2026-06-13,train,3,0,0,0.0,0,0,4
u-2021,13,2026-06-13,train,2,1,0,0.0,0,0,1
u-2022,13,2026-06-13,train,0,0,0,0.0,0,0,0
u-2023,13,2026-06-13,train,1,1,1,0.0,0,0,2
u-2024,13,2026-06-13,train,1,0,0,0.0,1,0,6
u-2025,13,2026-06-13,train,1,0,1,0.0,0,0,4
u-2026,13,2026-06-13,train,1,0,0,13.2,0,0,5
u-2027,13,2026-06-13,train,2,1,0,0.0,0,0,1
u-2028,13,2026-06-13,train,0,0,0,0.0,0,0,0
u-2029,13,2026-06-13,train,1,0,0,0.0,0,0,2
u-2030,13,2026-06-13,train,2,0,0,0.0,0,0,4
u-2031,13,2026-06-13,train,1,0,1,0.0,0,0,5
u-2032,13,2026-06-13,train,2,0,0,0.0,0,0,3
u-2033,13,2026-06-13,train,0,0,0,0.0,0,0,0
u-2034,13,2026-06-13,train,0,0,0,0.0,0,0,0
u-2035,13,2026-06-13,train,3,0,1,0.0,0,0,5
u-2036,13,2026-06-13,train,7,1,0,0.0,0,0,1
u-2037,13,2026-06-13,train,1,0,0,0.0,0,0,4
u-2038,13,2026-06-13,train,1,1,0,0.0,0,0,2
u-2039,13,2026-06-13,train,1,0,1,0.0,0,0,3
u-2040,13,2026-06-13,train,1,0,0,0.0,0,0,6
u-2041,13,2026-06-13,train,0,0,0,0.0,0,0,0
u-2042,13,2026-06-13,train,2,1,0,0.0,0,0,2
u-2043,13,2026-06-13,train,0,0,1,0.0,0,0,0
u-2044,13,2026-06-13,train,2,0,0,0.0,0,0,6
u-2045,13,2026-06-13,train,1,1,2,0.0,0,0,5
u-2046,13,2026-06-13,train,4,1,0,0.0,0,0,1
u-2047,13,2026-06-13,train,2,2,0,0.0,0,0,3
u-2048,13,2026-06-13,train,2,0,0,0.0,0,0,1
u-2049,13,2026-06-13,train,3,1,1,0.0,0,0,5
u-2050,13,2026-06-13,train,1,0,0,0.0,0,0,4
u-2051,13,2026-06-13,train,6,1,0,0.0,0,0,5
u-2052,13,2026-06-13,train,2,0,0,0.0,0,0,5
u-2053,13,2026-06-13,train,2,0,1,0.0,0,1,4
u-2054,13,2026-06-13,train,2,0,1,0.0,0,0,5
u-2055,13,2026-06-13,train,4,1,0,0.0,0,0,5
u-2056,13,2026-06-13,train,2,0,0,0.0,0,0,7
u-2057,13,2026-06-13,train,1,0,0,0.0,0,1,1
u-2058,13,2026-06-13,train,0,0,0,0.0,0,0,0
u-2059,13,2026-06-13,train,0,0,1,0.0,0,0,0
u-2060,13,2026-06-13,train,0,0,0,0.0,0,0,0
u-2001,14,2026-06-14,train,2,0,0,0.0,0,0,6
u-2002,14,2026-06-14,train,5,0,0,0.0,0,0,7
u-2003,14,2026-06-14,train,6,4,0,0.0,0,0,4
u-2004,14,2026-06-14,train,6,2,0,0.0,0,0,5
u-2005,14,2026-06-14,train,2,0,0,0.0,0,0,7
u-2006,14,2026-06-14,train,3,1,0,0.0,0,0,6
u-2007,14,2026-06-14,train,4,2,0,0.0,0,0,3
u-2008,14,2026-06-14,train,5,1,0,0.0,0,0,6
u-2009,14,2026-06-14,train,5,1,0,0.0,0,0,3
u-2010,14,2026-06-14,train,2,0,0,0.0,0,0,7
u-2011,14,2026-06-14,train,3,0,0,0.0,0,0,4
u-2012,14,2026-06-14,train,3,1,0,0.0,0,0,1
u-2013,14,2026-06-14,train,8,1,1,0.0,0,0,5
u-2014,14,2026-06-14,train,5,1,0,0.0,0,0,4
u-2015,14,2026-06-14,train,1,0,0,0.0,0,0,2
u-2016,14,2026-06-14,train,2,1,0,0.0,0,0,4
u-2017,14,2026-06-14,train,5,1,0,0.0,0,0,2
u-2018,14,2026-06-14,train,2,0,0,0.0,0,0,2
u-2019,14,2026-06-14,train,0,0,0,0.0,0,0,0
u-2020,14,2026-06-14,train,1,1,0,0.0,0,0,2
u-2021,14,2026-06-14,train,1,1,0,0.0,0,0,2
u-2022,14,2026-06-14,train,0,0,0,0.0,0,0,0
u-2023,14,2026-06-14,train,3,0,2,0.0,0,0,1
u-2024,14,2026-06-14,train,0,0,0,0.0,0,0,0
u-2025,14,2026-06-14,train,0,0,0,0.0,0,0,0
u-2026,14,2026-06-14,train,1,1,0,0.0,0,0,1
u-2027,14,2026-06-14,train,0,0,2,0.0,0,0,0
u-2028,14,2026-06-14,train,0,0,0,0.0,0,0,0
u-2029,14,2026-06-14,train,0,0,1,0.0,0,0,0
u-2030,14,2026-06-14,train,1,0,0,0.0,0,0,1
u-2031,14,2026-06-14,train,1,1,1,0.0,0,0,2
u-2032,14,2026-06-14,train,3,1,0,0.0,0,0,4
u-2033,14,2026-06-14,train,0,0,0,0.0,0,0,0
u-2034,14,2026-06-14,train,2,0,0,0.0,0,0,3
u-2035,14,2026-06-14,train,1,1,0,0.0,0,0,6
u-2036,14,2026-06-14,train,2,0,0,0.0,0,0,4
u-2037,14,2026-06-14,train,3,1,0,0.0,0,0,2
u-2038,14,2026-06-14,train,2,2,0,0.0,0,0,2
u-2039,14,2026-06-14,train,5,1,0,0.0,0,0,7
u-2040,14,2026-06-14,train,1,0,0,0.0,0,0,6
u-2041,14,2026-06-14,train,1,0,0,0.0,0,0,5
u-2042,14,2026-06-14,train,0,0,0,0.0,0,0,0
u-2043,14,2026-06-14,train,1,0,0,0.0,0,0,3
u-2044,14,2026-06-14,train,0,0,0,0.0,0,0,0
u-2045,14,2026-06-14,train,4,0,0,0.0,0,0,4
u-2046,14,2026-06-14,train,0,0,0,0.0,0,0,0
u-2047,14,2026-06-14,train,2,0,0,0.0,0,0,4
u-2048,14,2026-06-14,train,2,0,0,0.0,0,0,2
u-2049,14,2026-06-14,train,2,2,1,0.0,0,0,1
u-2050,14,2026-06-14,train,2,1,0,0.0,0,0,1
u-2051,14,2026-06-14,train,2,0,0,0.0,0,0,4
u-2052,14,2026-06-14,train,4,0,0,0.0,0,0,8
u-2053,14,2026-06-14,train,6,1,1,0.0,0,0,4
u-2054,14,2026-06-14,train,3,0,0,0.0,0,0,3
u-2055,14,2026-06-14,train,5,0,2,0.0,0,0,6
u-2056,14,2026-06-14,train,5,0,0,0.0,0,0,9
u-2057,14,2026-06-14,train,0,0,0,0.0,0,0,0
u-2058,14,2026-06-14,train,0,0,0,0.0,0,0,0
u-2059,14,2026-06-14,train,1,0,0,0.0,0,0,4
u-2060,14,2026-06-14,train,0,0,0,0.0,0,0,0
u-2001,15,2026-06-15,train,29,5,0,0.0,0,0,3
u-2002,15,2026-06-15,train,43,10,0,0.0,0,1,1
u-2003,15,2026-06-15,train,16,4,1,0.0,0,0,3
u-2004,15,2026-06-15,train,34,6,0,0.0,0,0,2
u-2005,15,2026-06-15,train,26,2,0,0.0,0,1,4
u-2006,15,2026-06-15,train,21,4,0,0.0,0,0,3
u-2007,15,2026-06-15,train,5,0,0,0.0,0,1,6
u-2008,15,2026-06-15,train,18,3,0,0.0,0,0,3
u-2009,15,2026-06-15,train,26,4,0,0.0,0,1,4
u-2010,15,2026-06-15,train,24,5,0,0.0,0,0,7
u-2011,15,2026-06-15,train,36,4,0,0.0,0,0,5
u-2012,15,2026-06-15,train,26,3,0,0.0,0,0,2
u-2013,15,2026-06-15,train,66,15,1,0.0,0,1,6
u-2014,15,2026-06-15,train,31,9,1,0.0,0,0,4
u-2015,15,2026-06-15,train,24,5,0,0.0,0,0,3
u-2016,15,2026-06-15,train,8,4,0,0.0,0,0,3
u-2017,15,2026-06-15,train,19,6,0,0.0,0,0,2
u-2018,15,2026-06-15,train,13,5,0,0.0,0,0,3
u-2019,15,2026-06-15,train,15,2,0,0.0,0,0,3
u-2020,15,2026-06-15,train,21,8,0,0.0,0,0,2
u-2021,15,2026-06-15,train,10,0,0,0.0,0,1,3
u-2022,15,2026-06-15,train,6,2,0,0.0,0,0,3
u-2023,15,2026-06-15,train,15,1,0,0.0,0,0,4
u-2024,15,2026-06-15,train,15,2,1,0.0,0,0,1
u-2025,15,2026-06-15,train,10,0,0,0.0,0,0,2
u-2026,15,2026-06-15,train,5,0,0,6.3,0,1,4
u-2027,15,2026-06-15,train,9,0,0,0.0,0,0,2
u-2028,15,2026-06-15,train,7,0,2,0.0,1,0,4
u-2029,15,2026-06-15,train,3,0,0,1.9,0,1,4
u-2030,15,2026-06-15,train,4,0,0,10.2,0,1,5
u-2031,15,2026-06-15,train,10,0,0,0.0,0,0,3
u-2032,15,2026-06-15,train,24,6,0,0.0,0,0,3
u-2033,15,2026-06-15,train,17,4,0,0.0,0,0,5
u-2034,15,2026-06-15,train,11,0,2,0.0,0,0,5
u-2035,15,2026-06-15,train,23,6,0,0.0,0,0,4
u-2036,15,2026-06-15,train,12,1,1,1.8,0,0,4
u-2037,15,2026-06-15,train,16,2,0,0.0,2,0,7
u-2038,15,2026-06-15,train,19,3,1,0.0,0,0,4
u-2039,15,2026-06-15,train,21,4,0,0.0,0,0,3
u-2040,15,2026-06-15,train,27,5,0,0.0,0,1,4
u-2041,15,2026-06-15,train,14,1,1,0.0,0,0,7
u-2042,15,2026-06-15,train,23,4,0,0.0,0,0,6
u-2043,15,2026-06-15,train,13,3,0,0.0,0,0,3
u-2044,15,2026-06-15,train,14,2,0,0.0,0,1,2
u-2045,15,2026-06-15,train,20,2,0,0.0,0,0,1
u-2046,15,2026-06-15,train,18,6,0,0.0,0,0,3
u-2047,15,2026-06-15,train,14,0,0,0.0,0,0,2
u-2048,15,2026-06-15,train,12,1,0,0.0,0,0,3
u-2049,15,2026-06-15,train,27,5,0,0.0,0,0,4
u-2050,15,2026-06-15,train,9,2,0,0.0,0,0,5
u-2051,15,2026-06-15,train,22,4,1,0.0,0,1,3
u-2052,15,2026-06-15,train,37,2,0,0.0,0,0,4
u-2053,15,2026-06-15,train,24,2,1,0.0,0,0,6
u-2054,15,2026-06-15,train,27,6,1,0.0,0,0,6
u-2055,15,2026-06-15,train,34,3,1,0.0,0,1,3
u-2056,15,2026-06-15,train,31,1,5,0.0,0,0,6
u-2057,15,2026-06-15,train,9,3,0,0.0,0,0,1
u-2058,15,2026-06-15,train,14,6,0,0.0,0,0,1
u-2059,15,2026-06-15,train,19,9,1,0.0,0,0,1
u-2060,15,2026-06-15,train,9,4,0,0.0,0,0,1
u-2001,16,2026-06-16,train,34,7,1,0.0,0,0,5
u-2002,16,2026-06-16,train,36,7,0,0.0,0,0,1
u-2003,16,2026-06-16,train,10,4,0,0.0,0,0,6
u-2004,16,2026-06-16,train,27,6,0,0.0,0,0,5
u-2005,16,2026-06-16,train,34,6,1,0.0,1,1,5
u-2006,16,2026-06-16,train,13,2,0,0.0,0,0,3
u-2007,16,2026-06-16,train,15,3,0,0.0,0,0,3
u-2008,16,2026-06-16,train,28,8,1,0.0,0,1,6
u-2009,16,2026-06-16,train,25,4,0,0.0,0,0,7
u-2010,16,2026-06-16,train,24,4,0,0.0,0,0,2
u-2011,16,2026-06-16,train,23,1,0,0.0,1,0,7
u-2012,16,2026-06-16,train,19,3,1,0.0,0,1,3
u-2013,16,2026-06-16,train,58,14,0,0.0,0,0,6
u-2014,16,2026-06-16,train,20,4,0,0.0,0,0,3
u-2015,16,2026-06-16,train,25,5,1,0.0,0,0,1
u-2016,16,2026-06-16,train,9,1,0,7.7,0,0,1
u-2017,16,2026-06-16,train,21,2,0,0.0,0,0,2
u-2018,16,2026-06-16,train,16,2,1,0.0,0,0,1
u-2019,16,2026-06-16,train,15,5,0,0.0,0,0,4
u-2020,16,2026-06-16,train,25,7,1,8.9,0,0,4
u-2021,16,2026-06-16,train,16,3,1,0.0,0,0,5
u-2022,16,2026-06-16,train,15,4,0,0.0,0,0,3
u-2023,16,2026-06-16,train,6,3,0,0.0,0,0,5
u-2024,16,2026-06-16,train,12,2,0,0.0,0,0,3
u-2025,16,2026-06-16,train,7,1,0,0.0,0,0,2
u-2026,16,2026-06-16,train,12,2,1,2.5,0,0,1
u-2027,16,2026-06-16,train,15,1,0,0.0,0,0,5
u-2028,16,2026-06-16,train,6,0,0,10.2,0,0,5
u-2029,16,2026-06-16,train,5,3,1,0.0,0,0,3
u-2030,16,2026-06-16,train,10,1,0,27.9,0,0,3
u-2031,16,2026-06-16,train,12,0,0,0.0,0,0,4
u-2032,16,2026-06-16,train,18,6,2,0.0,0,0,3
u-2033,16,2026-06-16,train,7,0,0,0.0,0,0,2
u-2034,16,2026-06-16,train,11,2,1,0.0,0,0,5
u-2035,16,2026-06-16,train,26,5,0,5.5,0,0,4
u-2036,16,2026-06-16,train,21,6,0,0.0,0,0,7
u-2037,16,2026-06-16,train,9,1,0,0.0,0,0,3
u-2038,16,2026-06-16,train,16,3,0,0.0,0,0,2
u-2039,16,2026-06-16,train,29,4,0,0.0,0,1,2
u-2040,16,2026-06-16,train,17,3,2,0.0,0,0,5
u-2041,16,2026-06-16,train,12,4,0,0.0,0,0,2
u-2042,16,2026-06-16,train,19,2,1,3.5,0,0,3
u-2043,16,2026-06-16,train,20,1,0,0.0,0,1,3
u-2044,16,2026-06-16,train,10,3,0,0.0,0,0,3
u-2045,16,2026-06-16,train,18,4,0,0.0,0,0,1
u-2046,16,2026-06-16,train,17,3,0,0.0,0,0,4
u-2047,16,2026-06-16,train,15,3,1,0.0,0,0,6
u-2048,16,2026-06-16,train,9,5,1,0.0,1,0,4
u-2049,16,2026-06-16,train,32,5,0,0.0,0,0,1
u-2050,16,2026-06-16,train,12,3,0,0.0,0,0,3
u-2051,16,2026-06-16,train,27,2,0,0.0,0,0,5
u-2052,16,2026-06-16,train,29,1,2,0.0,0,0,4
u-2053,16,2026-06-16,train,40,2,3,0.0,0,1,6
u-2054,16,2026-06-16,train,31,6,2,0.0,0,0,6
u-2055,16,2026-06-16,train,35,2,1,0.0,0,1,6
u-2056,16,2026-06-16,train,29,4,2,0.0,0,1,4
u-2057,16,2026-06-16,train,10,2,1,0.0,0,1,1
u-2058,16,2026-06-16,train,11,2,1,0.0,0,1,1
u-2059,16,2026-06-16,train,18,3,0,0.0,0,1,1
u-2060,16,2026-06-16,train,6,2,0,0.0,0,0,3
u-2001,17,2026-06-17,train,27,7,0,0.0,0,1,3
u-2002,17,2026-06-17,train,35,5,1,1.4,0,0,3
u-2003,17,2026-06-17,train,11,5,0,0.0,0,0,6
u-2004,17,2026-06-17,train,36,7,0,0.0,0,0,5
u-2005,17,2026-06-17,train,29,4,0,0.0,0,0,6
u-2006,17,2026-06-17,train,33,5,0,0.0,0,0,4
u-2007,17,2026-06-17,train,15,3,0,0.0,0,0,3
u-2008,17,2026-06-17,train,33,4,0,0.0,0,0,1
u-2009,17,2026-06-17,train,25,4,2,0.0,0,0,4
u-2010,17,2026-06-17,train,31,3,0,0.0,0,1,5
u-2011,17,2026-06-17,train,27,5,0,4.5,0,0,3
u-2012,17,2026-06-17,train,31,5,0,0.0,0,1,1
u-2013,17,2026-06-17,train,66,17,0,0.0,0,1,1
u-2014,17,2026-06-17,train,31,6,0,0.6,0,0,1
u-2015,17,2026-06-17,train,23,4,0,0.0,0,0,4
u-2016,17,2026-06-17,train,16,8,1,0.0,0,0,1
u-2017,17,2026-06-17,train,23,8,0,0.0,0,1,5
u-2018,17,2026-06-17,train,11,2,0,0.0,0,0,3
u-2019,17,2026-06-17,train,17,2,1,0.0,0,0,3
u-2020,17,2026-06-17,train,14,4,1,0.0,0,0,2
u-2021,17,2026-06-17,train,14,2,0,0.0,0,0,3
u-2022,17,2026-06-17,train,6,2,0,0.0,0,1,2
u-2023,17,2026-06-17,train,17,1,0,0.0,0,0,1
u-2024,17,2026-06-17,train,9,2,0,0.0,0,0,5
u-2025,17,2026-06-17,train,9,1,0,0.0,0,0,5
u-2026,17,2026-06-17,train,13,3,0,0.0,1,0,6
u-2027,17,2026-06-17,train,10,2,0,4.5,0,0,5
u-2028,17,2026-06-17,train,10,0,0,0.0,0,0,5
u-2029,17,2026-06-17,train,4,0,0,0.0,0,0,1
u-2030,17,2026-06-17,train,11,1,1,0.0,0,0,2
u-2031,17,2026-06-17,train,19,3,2,0.0,0,0,5
u-2032,17,2026-06-17,train,27,1,0,0.0,0,0,3
u-2033,17,2026-06-17,train,14,1,0,0.0,0,0,3
u-2034,17,2026-06-17,train,7,1,0,0.0,0,0,1
u-2035,17,2026-06-17,train,26,6,0,0.0,0,0,2
u-2036,17,2026-06-17,train,18,3,0,0.0,0,0,3
u-2037,17,2026-06-17,train,21,3,0,0.0,0,0,7
u-2038,17,2026-06-17,train,17,3,1,0.0,0,0,6
u-2039,17,2026-06-17,train,17,3,0,0.0,0,0,4
u-2040,17,2026-06-17,train,21,5,0,0.0,0,1,7
u-2041,17,2026-06-17,train,13,2,1,0.0,0,0,2
u-2042,17,2026-06-17,train,21,4,1,0.0,0,0,4
u-2043,17,2026-06-17,train,18,2,0,0.0,0,1,5
u-2044,17,2026-06-17,train,9,0,0,0.0,0,0,3
u-2045,17,2026-06-17,train,16,5,1,0.0,0,0,1
u-2046,17,2026-06-17,train,15,2,0,0.0,0,0,2
u-2047,17,2026-06-17,train,13,4,0,0.0,0,0,4
u-2048,17,2026-06-17,train,16,3,0,0.0,0,0,3
u-2049,17,2026-06-17,train,27,6,0,0.0,0,1,3
u-2050,17,2026-06-17,train,4,0,0,0.0,0,1,3
u-2051,17,2026-06-17,train,49,6,1,0.0,0,0,5
u-2052,17,2026-06-17,train,42,5,0,0.0,0,0,7
u-2053,17,2026-06-17,train,41,1,2,0.0,0,1,6
u-2054,17,2026-06-17,train,35,0,3,0.0,0,0,3
u-2055,17,2026-06-17,train,30,4,0,0.0,0,0,7
u-2056,17,2026-06-17,train,31,1,0,0.0,0,0,1
u-2057,17,2026-06-17,train,9,4,0,0.0,0,0,4
u-2058,17,2026-06-17,train,9,1,0,0.0,0,0,2
u-2059,17,2026-06-17,train,21,6,0,0.0,0,0,2
u-2060,17,2026-06-17,train,5,1,0,0.0,0,0,1
u-2001,18,2026-06-18,train,40,9,0,0.0,0,0,3
u-2002,18,2026-06-18,train,22,2,1,0.0,1,0,2
u-2003,18,2026-06-18,train,11,2,0,0.0,0,0,6
u-2004,18,2026-06-18,train,27,6,0,0.0,0,0,5
u-2005,18,2026-06-18,train,27,4,0,0.0,0,1,4
u-2006,18,2026-06-18,train,21,3,2,0.0,2,0,5
u-2007,18,2026-06-18,train,15,5,0,0.0,0,0,4
u-2008,18,2026-06-18,train,22,2,0,0.0,0,0,3
u-2009,18,2026-06-18,train,41,5,0,0.0,0,0,6
u-2010,18,2026-06-18,train,22,3,1,0.0,0,1,3
u-2011,18,2026-06-18,train,31,7,0,0.0,0,0,2
u-2012,18,2026-06-18,train,25,3,1,0.0,1,0,6
u-2013,18,2026-06-18,train,56,8,1,0.0,1,0,3
u-2014,18,2026-06-18,train,29,3,0,0.0,0,0,2
u-2015,18,2026-06-18,train,17,3,2,0.0,0,0,3
u-2016,18,2026-06-18,train,7,2,0,0.0,0,0,3
u-2017,18,2026-06-18,train,22,6,0,0.0,0,0,2
u-2018,18,2026-06-18,train,10,4,0,15.2,0,1,3
u-2019,18,2026-06-18,train,9,1,0,0.0,0,0,2
u-2020,18,2026-06-18,train,18,3,0,0.0,0,0,2
u-2021,18,2026-06-18,train,11,4,0,0.0,0,0,2
u-2022,18,2026-06-18,train,8,2,0,0.0,0,0,1
u-2023,18,2026-06-18,train,14,3,0,0.0,0,0,1
u-2024,18,2026-06-18,train,15,4,0,0.0,0,1,2
u-2025,18,2026-06-18,train,4,0,0,4.8,0,0,2
u-2026,18,2026-06-18,train,14,2,1,0.0,0,0,5
u-2027,18,2026-06-18,train,13,2,0,0.0,0,0,2
u-2028,18,2026-06-18,train,9,0,1,0.0,0,0,1
u-2029,18,2026-06-18,train,12,1,0,0.0,0,0,5
u-2030,18,2026-06-18,train,9,1,0,2.1,0,0,3
u-2031,18,2026-06-18,train,17,0,0,0.0,0,0,5
u-2032,18,2026-06-18,train,24,2,0,0.0,0,1,3
u-2033,18,2026-06-18,train,19,1,0,0.0,0,0,2
u-2034,18,2026-06-18,train,12,1,0,0.0,0,0,4
u-2035,18,2026-06-18,train,28,4,1,0.0,0,0,6
u-2036,18,2026-06-18,train,9,2,2,0.0,0,0,7
u-2037,18,2026-06-18,train,7,2,0,0.0,0,1,2
u-2038,18,2026-06-18,train,18,1,0,0.0,0,0,7
u-2039,18,2026-06-18,train,20,5,0,0.0,1,0,8
u-2040,18,2026-06-18,train,16,2,0,0.0,0,0,1
u-2041,18,2026-06-18,train,12,1,2,0.0,0,0,4
u-2042,18,2026-06-18,train,31,10,0,0.0,0,0,5
u-2043,18,2026-06-18,train,20,5,0,0.0,0,0,4
u-2044,18,2026-06-18,train,10,5,0,0.0,0,0,1
u-2045,18,2026-06-18,train,11,4,0,0.0,0,1,1
u-2046,18,2026-06-18,train,21,5,0,5.0,0,1,3
u-2047,18,2026-06-18,train,10,1,1,0.0,0,0,2
u-2048,18,2026-06-18,train,13,5,0,0.0,0,0,4
u-2049,18,2026-06-18,train,28,3,0,0.0,0,0,2
u-2050,18,2026-06-18,train,10,3,1,0.0,0,0,3
u-2051,18,2026-06-18,train,30,3,3,0.0,0,0,8
u-2052,18,2026-06-18,train,34,2,1,0.0,0,1,7
u-2053,18,2026-06-18,train,37,2,6,0.0,0,1,6
u-2054,18,2026-06-18,train,21,1,3,0.0,0,0,6
u-2055,18,2026-06-18,train,29,4,1,0.0,0,0,7
u-2056,18,2026-06-18,train,19,3,1,0.0,0,1,3
u-2057,18,2026-06-18,train,19,7,0,0.0,0,0,3
u-2058,18,2026-06-18,train,12,3,1,0.0,0,0,1
u-2059,18,2026-06-18,train,15,5,0,0.0,0,0,1
u-2060,18,2026-06-18,train,7,2,0,0.0,0,0,1
u-2001,19,2026-06-19,train,24,4,0,0.0,0,0,6
u-2002,19,2026-06-19,train,26,3,0,0.0,1,0,5
u-2003,19,2026-06-19,train,20,2,0,0.0,1,0,9
u-2004,19,2026-06-19,train,31,9,0,0.0,1,1,4
u-2005,19,2026-06-19,train,32,5,1,0.0,0,0,4
u-2006,19,2026-06-19,train,20,3,0,0.0,0,0,3
u-2007,19,2026-06-19,train,12,1,0,0.0,0,0,5
u-2008,19,2026-06-19,train,26,6,1,0.0,0,3,4
u-2009,19,2026-06-19,train,41,4,0,0.0,0,0,1
u-2010,19,2026-06-19,train,24,3,0,0.0,0,0,5
u-2011,19,2026-06-19,train,34,11,0,0.0,0,0,4
u-2012,19,2026-06-19,train,22,3,0,0.0,0,0,5
u-2013,19,2026-06-19,train,54,15,0,0.0,0,1,1
u-2014,19,2026-06-19,train,38,6,1,0.0,0,0,2
u-2015,19,2026-06-19,train,33,11,1,0.0,0,0,5
u-2016,19,2026-06-19,train,19,6,0,0.0,0,0,5
u-2017,19,2026-06-19,train,26,5,0,0.0,0,0,3
u-2018,19,2026-06-19,train,11,4,2,0.0,0,0,4
u-2019,19,2026-06-19,train,9,4,0,0.0,0,0,4
u-2020,19,2026-06-19,train,24,6,0,0.0,0,1,1
u-2021,19,2026-06-19,train,16,2,0,0.0,0,0,2
u-2022,19,2026-06-19,train,9,0,0,0.0,0,0,1
u-2023,19,2026-06-19,train,14,3,0,0.0,0,0,2
u-2024,19,2026-06-19,train,11,2,0,0.0,0,0,4
u-2025,19,2026-06-19,train,8,1,0,0.0,0,0,3
u-2026,19,2026-06-19,train,13,1,1,0.0,0,0,5
u-2027,19,2026-06-19,train,13,3,0,0.0,0,0,1
u-2028,19,2026-06-19,train,12,0,0,0.0,0,0,5
u-2029,19,2026-06-19,train,11,1,0,0.0,0,0,5
u-2030,19,2026-06-19,train,14,2,2,0.0,0,0,2
u-2031,19,2026-06-19,train,11,0,0,0.0,0,1,1
u-2032,19,2026-06-19,train,16,4,0,0.0,0,0,5
u-2033,19,2026-06-19,train,14,0,0,0.0,0,0,2
u-2034,19,2026-06-19,train,9,0,0,0.0,0,1,1
u-2035,19,2026-06-19,train,37,10,1,0.0,0,0,6
u-2036,19,2026-06-19,train,15,3,0,6.6,1,0,2
u-2037,19,2026-06-19,train,14,2,2,0.0,0,0,7
u-2038,19,2026-06-19,train,15,4,0,0.0,0,0,5
u-2039,19,2026-06-19,train,15,4,0,0.0,0,0,6
u-2040,19,2026-06-19,train,10,1,2,0.0,0,1,5
u-2041,19,2026-06-19,train,8,4,1,0.0,0,2,1
u-2042,19,2026-06-19,train,27,7,1,0.0,0,0,2
u-2043,19,2026-06-19,train,11,1,1,0.0,0,0,5
u-2044,19,2026-06-19,train,11,3,0,0.0,0,0,1
u-2045,19,2026-06-19,train,11,2,1,0.0,0,0,2
u-2046,19,2026-06-19,train,22,4,0,0.0,0,0,1
u-2047,19,2026-06-19,train,14,3,0,0.0,0,0,3
u-2048,19,2026-06-19,train,10,3,0,0.0,0,0,1
u-2049,19,2026-06-19,train,30,8,0,0.0,0,1,5
u-2050,19,2026-06-19,train,14,4,0,0.0,0,0,2
u-2051,19,2026-06-19,train,32,5,0,0.0,0,0,3
u-2052,19,2026-06-19,train,34,2,2,23.4,0,0,4
u-2053,19,2026-06-19,train,36,0,3,0.0,0,0,5
u-2054,19,2026-06-19,train,29,2,0,0.0,0,1,7
u-2055,19,2026-06-19,train,32,1,3,0.0,0,1,5
u-2056,19,2026-06-19,train,19,2,2,0.0,0,2,5
u-2057,19,2026-06-19,train,17,3,0,0.0,0,1,3
u-2058,19,2026-06-19,train,18,10,0,0.0,0,0,4
u-2059,19,2026-06-19,train,24,9,0,0.0,0,1,1
u-2060,19,2026-06-19,train,10,3,1,0.0,0,0,4
u-2001,20,2026-06-20,train,1,1,1,0.0,0,0,5
u-2002,20,2026-06-20,train,6,2,0,0.0,0,0,7
u-2003,20,2026-06-20,train,0,0,0,0.0,0,0,0
u-2004,20,2026-06-20,train,4,1,0,0.0,0,0,8
u-2005,20,2026-06-20,train,4,0,0,0.0,0,0,3
u-2006,20,2026-06-20,train,2,0,0,0.0,0,0,2
u-2007,20,2026-06-20,train,2,2,1,0.0,0,0,5
u-2008,20,2026-06-20,train,4,1,1,0.0,0,0,2
u-2009,20,2026-06-20,train,3,0,0,0.0,0,0,4
u-2010,20,2026-06-20,train,2,0,0,0.0,0,0,5
u-2011,20,2026-06-20,train,4,1,0,0.0,0,0,1
u-2012,20,2026-06-20,train,1,1,0,0.0,0,0,7
u-2013,20,2026-06-20,train,4,0,0,0.0,0,0,2
u-2014,20,2026-06-20,train,5,1,0,0.0,0,0,5
u-2015,20,2026-06-20,train,1,0,1,0.0,0,0,1
u-2016,20,2026-06-20,train,0,0,0,0.0,0,0,0
u-2017,20,2026-06-20,train,2,1,0,0.0,0,0,1
u-2018,20,2026-06-20,train,1,0,0,0.0,0,0,1
u-2019,20,2026-06-20,train,1,1,0,0.0,0,0,3
u-2020,20,2026-06-20,train,1,1,1,0.0,0,0,5
u-2021,20,2026-06-20,train,2,2,0,0.0,0,0,5
u-2022,20,2026-06-20,train,0,0,1,0.0,0,0,0
u-2023,20,2026-06-20,train,0,0,0,0.0,0,0,0
u-2024,20,2026-06-20,train,2,0,0,0.0,0,0,5
u-2025,20,2026-06-20,train,0,0,0,0.0,0,0,0
u-2026,20,2026-06-20,train,1,0,0,0.0,0,0,1
u-2027,20,2026-06-20,train,0,0,0,0.0,0,0,0
u-2028,20,2026-06-20,train,1,0,1,0.0,0,0,5
u-2029,20,2026-06-20,train,0,0,0,0.0,0,0,0
u-2030,20,2026-06-20,train,2,0,0,0.0,0,0,2
u-2031,20,2026-06-20,train,1,0,0,0.0,0,0,2
u-2032,20,2026-06-20,train,1,0,0,0.0,0,0,1
u-2033,20,2026-06-20,train,0,0,0,0.0,0,0,0
u-2034,20,2026-06-20,train,1,0,0,0.0,0,0,2
u-2035,20,2026-06-20,train,2,0,0,0.0,0,0,2
u-2036,20,2026-06-20,train,1,1,0,0.0,0,0,7
u-2037,20,2026-06-20,train,3,0,0,0.0,0,0,4
u-2038,20,2026-06-20,train,2,0,0,0.0,0,0,7
u-2039,20,2026-06-20,train,3,0,0,0.0,0,0,4
u-2040,20,2026-06-20,train,0,0,0,0.0,0,0,0
u-2041,20,2026-06-20,train,2,0,0,0.0,0,0,2
u-2042,20,2026-06-20,train,4,0,1,0.0,0,0,4
u-2043,20,2026-06-20,train,2,1,0,0.0,0,0,5
u-2044,20,2026-06-20,train,2,1,0,0.0,0,0,3
u-2045,20,2026-06-20,train,3,2,1,0.0,0,0,4
u-2046,20,2026-06-20,train,1,0,0,0.0,0,0,1
u-2047,20,2026-06-20,train,1,0,0,0.0,0,0,6
u-2048,20,2026-06-20,train,0,0,0,0.0,0,0,0
u-2049,20,2026-06-20,train,4,0,1,0.0,0,0,4
u-2050,20,2026-06-20,train,3,1,1,0.0,0,0,4
u-2051,20,2026-06-20,train,1,0,0,0.0,0,0,5
u-2052,20,2026-06-20,train,4,0,1,0.0,0,0,1
u-2053,20,2026-06-20,train,2,0,1,0.0,0,0,2
u-2054,20,2026-06-20,train,5,1,1,0.0,0,0,3
u-2055,20,2026-06-20,train,3,0,0,0.0,0,0,3
u-2056,20,2026-06-20,train,4,1,0,0.0,0,0,6
u-2057,20,2026-06-20,train,1,1,0,0.0,0,0,1
u-2058,20,2026-06-20,train,0,0,0,0.0,0,0,0
u-2059,20,2026-06-20,train,3,0,0,0.0,0,0,2
u-2060,20,2026-06-20,train,1,0,0,0.0,0,0,3
u-2001,21,2026-06-21,train,5,2,0,0.0,0,0,3
u-2002,21,2026-06-21,train,0,0,0,0.0,0,0,0
u-2003,21,2026-06-21,train,1,0,1,0.0,0,0,6
u-2004,21,2026-06-21,train,4,3,0,0.0,0,0,2
u-2005,21,2026-06-21,train,4,0,0,0.0,0,0,2
u-2006,21,2026-06-21,train,2,0,1,0.0,0,0,6
u-2007,21,2026-06-21,train,1,0,0,0.0,0,0,2
u-2008,21,2026-06-21,train,2,0,1,0.0,0,0,7
u-2009,21,2026-06-21,train,2,0,1,0.0,0,0,2
u-2010,21,2026-06-21,train,2,0,0,0.0,0,0,1
u-2011,21,2026-06-21,train,4,0,0,0.0,0,0,4
u-2012,21,2026-06-21,train,4,0,3,0.0,0,0,2
u-2013,21,2026-06-21,train,5,1,0,0.0,0,0,5
u-2014,21,2026-06-21,train,4,1,0,0.0,0,0,1
u-2015,21,2026-06-21,train,3,2,0,0.0,0,0,2
u-2016,21,2026-06-21,train,1,1,1,0.0,0,0,5
u-2017,21,2026-06-21,train,4,1,0,0.0,0,0,3
u-2018,21,2026-06-21,train,0,0,0,0.0,0,0,0
u-2019,21,2026-06-21,train,2,0,1,0.0,0,0,2
u-2020,21,2026-06-21,train,4,1,0,0.0,0,0,3
u-2021,21,2026-06-21,train,0,0,0,0.0,0,0,0
u-2022,21,2026-06-21,train,0,0,0,0.0,0,0,0
u-2023,21,2026-06-21,train,0,0,1,0.0,0,0,0
u-2024,21,2026-06-21,train,0,0,0,0.0,0,0,0
u-2025,21,2026-06-21,train,0,0,0,0.0,0,0,0
u-2026,21,2026-06-21,train,0,0,0,0.0,0,0,0
u-2027,21,2026-06-21,train,2,0,0,0.0,0,0,2
u-2028,21,2026-06-21,train,1,0,1,0.0,0,0,4
u-2029,21,2026-06-21,train,1,0,0,0.0,0,0,3
u-2030,21,2026-06-21,train,0,0,0,0.0,0,0,0
u-2031,21,2026-06-21,train,1,0,0,0.0,0,0,2
u-2032,21,2026-06-21,train,4,0,0,0.0,0,0,1
u-2033,21,2026-06-21,train,1,0,0,0.0,0,0,1
u-2034,21,2026-06-21,train,0,0,0,0.0,0,0,0
u-2035,21,2026-06-21,train,2,1,1,0.0,0,0,7
u-2036,21,2026-06-21,train,2,2,0,0.0,0,0,4
u-2037,21,2026-06-21,train,0,0,0,0.0,0,0,0
u-2038,21,2026-06-21,train,0,0,1,0.0,0,0,0
u-2039,21,2026-06-21,train,3,0,0,0.0,0,0,7
u-2040,21,2026-06-21,train,1,0,0,0.0,0,0,7
u-2041,21,2026-06-21,train,1,0,0,0.0,0,0,5
u-2042,21,2026-06-21,train,6,2,0,0.0,0,0,6
u-2043,21,2026-06-21,train,3,3,1,0.0,0,0,2
u-2044,21,2026-06-21,train,2,0,0,0.0,0,0,5
u-2045,21,2026-06-21,train,2,2,0,0.0,1,1,4
u-2046,21,2026-06-21,train,2,2,0,0.0,0,0,3
u-2047,21,2026-06-21,train,2,0,0,0.0,0,0,2
u-2048,21,2026-06-21,train,1,0,0,0.0,0,0,4
u-2049,21,2026-06-21,train,2,1,0,0.0,0,0,6
u-2050,21,2026-06-21,train,0,0,0,0.0,0,0,0
u-2051,21,2026-06-21,train,5,1,0,0.0,0,0,4
u-2052,21,2026-06-21,train,7,0,0,0.0,0,0,7
u-2053,21,2026-06-21,train,2,0,2,0.0,0,0,6
u-2054,21,2026-06-21,train,5,0,0,0.0,0,0,6
u-2055,21,2026-06-21,train,0,0,0,0.0,0,0,0
u-2056,21,2026-06-21,train,4,0,0,0.0,0,0,3
u-2057,21,2026-06-21,train,3,1,0,0.0,0,0,4
u-2058,21,2026-06-21,train,2,1,0,0.0,0,1,2
u-2059,21,2026-06-21,train,1,0,0,0.0,0,0,2
u-2060,21,2026-06-21,train,3,1,0,0.0,0,0,3
u-2001,22,2026-06-22,train,44,10,0,0.0,0,1,5
u-2002,22,2026-06-22,train,29,4,0,0.0,0,0,8
u-2003,22,2026-06-22,train,11,3,0,0.0,0,0,7
u-2004,22,2026-06-22,train,49,8,0,0.0,0,1,3
u-2005,22,2026-06-22,train,31,8,0,0.0,0,0,3
u-2006,22,2026-06-22,train,15,3,1,0.0,0,0,5
u-2007,22,2026-06-22,train,9,1,1,0.0,0,0,2
u-2008,22,2026-06-22,train,13,3,0,0.0,0,1,2
u-2009,22,2026-06-22,train,27,2,0,0.0,0,0,4
u-2010,22,2026-06-22,train,23,6,0,0.0,0,0,1
u-2011,22,2026-06-22,train,26,5,0,0.0,0,0,4
u-2012,22,2026-06-22,train,16,2,0,0.0,0,1,4
u-2013,22,2026-06-22,train,51,11,0,0.0,2,0,6
u-2014,22,2026-06-22,train,40,4,1,0.0,0,0,5
u-2015,22,2026-06-22,train,24,4,1,0.0,0,0,4
u-2016,22,2026-06-22,train,7,3,0,0.0,0,0,1
u-2017,22,2026-06-22,train,18,5,0,0.0,0,0,4
u-2018,22,2026-06-22,train,14,4,0,0.0,0,0,2
u-2019,22,2026-06-22,train,16,4,1,0.0,1,0,4
u-2020,22,2026-06-22,train,19,4,0,0.0,0,0,2
u-2021,22,2026-06-22,train,25,9,0,0.0,0,0,5
u-2022,22,2026-06-22,train,5,0,0,0.0,0,0,2
u-2023,22,2026-06-22,train,16,7,1,0.0,0,0,4
u-2024,22,2026-06-22,train,16,6,1,0.0,0,2,2
u-2025,22,2026-06-22,train,9,1,0,0.0,1,0,6
u-2026,22,2026-06-22,train,11,1,1,0.0,0,1,5
u-2027,22,2026-06-22,train,11,0,1,0.0,0,1,3
u-2028,22,2026-06-22,train,12,4,0,0.0,0,0,3
u-2029,22,2026-06-22,train,11,1,1,0.0,0,1,3
u-2030,22,2026-06-22,train,26,2,0,0.0,0,2,4
u-2031,22,2026-06-22,train,12,1,1,4.6,0,0,5
u-2032,22,2026-06-22,train,24,2,0,0.0,0,1,3
u-2033,22,2026-06-22,train,14,0,0,0.0,0,0,5
u-2034,22,2026-06-22,train,9,1,0,0.0,0,0,1
u-2035,22,2026-06-22,train,21,6,1,0.0,0,1,7
u-2036,22,2026-06-22,train,13,1,0,0.0,0,0,4
u-2037,22,2026-06-22,train,21,0,3,0.0,0,1,1
u-2038,22,2026-06-22,train,16,1,0,0.0,0,1,5
u-2039,22,2026-06-22,train,21,4,1,0.0,0,1,4
u-2040,22,2026-06-22,train,13,2,1,0.0,1,0,6
u-2041,22,2026-06-22,train,9,3,1,0.0,0,0,7
u-2042,22,2026-06-22,train,22,4,0,0.0,0,1,4
u-2043,22,2026-06-22,train,14,3,0,0.0,0,0,1
u-2044,22,2026-06-22,train,9,2,0,0.0,0,1,4
u-2045,22,2026-06-22,train,14,6,1,0.0,0,0,5
u-2046,22,2026-06-22,train,22,4,0,0.0,0,0,1
u-2047,22,2026-06-22,train,14,4,0,0.0,0,0,3
u-2048,22,2026-06-22,train,15,1,1,0.0,0,0,5
u-2049,22,2026-06-22,train,21,4,0,0.0,0,0,4
u-2050,22,2026-06-22,train,9,2,1,0.0,0,0,4
u-2051,22,2026-06-22,train,33,6,1,4.9,0,0,7
u-2052,22,2026-06-22,train,38,2,0,0.0,0,0,4
u-2053,22,2026-06-22,train,33,4,0,0.0,0,1,4
u-2054,22,2026-06-22,train,21,2,1,0.0,0,0,10
u-2055,22,2026-06-22,train,39,3,2,0.0,0,0,5
u-2056,22,2026-06-22,train,29,3,1,0.0,0,0,7
u-2057,22,2026-06-22,train,25,12,0,0.0,0,0,4
u-2058,22,2026-06-22,train,9,4,0,0.0,0,0,1
u-2059,22,2026-06-22,train,21,8,0,0.0,0,0,3
u-2060,22,2026-06-22,train,12,7,0,0.0,0,0,4
u-2001,23,2026-06-23,train,23,2,0,0.0,0,0,7
u-2002,23,2026-06-23,train,23,2,0,0.0,0,0,2
u-2003,23,2026-06-23,train,13,3,1,0.0,0,0,7
u-2004,23,2026-06-23,train,31,7,1,0.0,0,2,3
u-2005,23,2026-06-23,train,34,4,0,0.0,0,0,3
u-2006,23,2026-06-23,train,16,1,0,0.0,0,0,5
u-2007,23,2026-06-23,train,15,4,0,0.0,0,0,5
u-2008,23,2026-06-23,train,12,2,0,0.0,0,0,1
u-2009,23,2026-06-23,train,32,7,1,0.0,1,0,6
u-2010,23,2026-06-23,train,18,3,0,0.0,0,0,8
u-2011,23,2026-06-23,train,28,9,0,0.0,0,1,1
u-2012,23,2026-06-23,train,24,4,0,0.0,0,2,3
u-2013,23,2026-06-23,train,65,17,0,0.0,0,2,3
u-2014,23,2026-06-23,train,25,6,0,0.0,0,0,7
u-2015,23,2026-06-23,train,32,7,0,0.0,0,0,2
u-2016,23,2026-06-23,train,10,6,1,5.3,0,0,5
u-2017,23,2026-06-23,train,24,7,1,0.0,0,0,3
u-2018,23,2026-06-23,train,15,6,1,0.0,0,0,1
u-2019,23,2026-06-23,train,9,4,0,1.9,0,1,1
u-2020,23,2026-06-23,train,18,3,0,8.2,0,0,3
u-2021,23,2026-06-23,train,14,5,0,0.0,0,0,1
u-2022,23,2026-06-23,train,7,1,0,0.0,0,0,2
u-2023,23,2026-06-23,train,16,2,0,0.0,0,0,5
u-2024,23,2026-06-23,train,20,2,0,0.0,0,0,3
u-2025,23,2026-06-23,train,10,2,0,11.7,0,0,5
u-2026,23,2026-06-23,train,17,1,1,0.0,0,0,1
u-2027,23,2026-06-23,train,8,0,1,0.0,0,0,2
u-2028,23,2026-06-23,train,8,1,1,17.2,0,0,3
u-2029,23,2026-06-23,train,5,0,1,0.0,0,0,1
u-2030,23,2026-06-23,train,13,3,1,0.0,0,1,4
u-2031,23,2026-06-23,train,14,2,3,11.9,0,0,5
u-2032,23,2026-06-23,train,23,5,0,0.0,0,0,3
u-2033,23,2026-06-23,train,16,3,0,7.9,0,1,5
u-2034,23,2026-06-23,train,15,1,0,0.0,0,1,1
u-2035,23,2026-06-23,train,22,7,1,0.0,0,2,5
u-2036,23,2026-06-23,train,12,2,0,0.0,0,1,4
u-2037,23,2026-06-23,train,19,4,0,0.0,0,0,3
u-2038,23,2026-06-23,train,13,3,1,0.0,0,1,3
u-2039,23,2026-06-23,train,35,11,0,0.0,0,0,6
u-2040,23,2026-06-23,train,10,4,1,0.0,0,0,3
u-2041,23,2026-06-23,train,14,2,1,0.0,0,1,6
u-2042,23,2026-06-23,train,26,4,1,0.0,0,0,5
u-2043,23,2026-06-23,train,11,1,0,0.0,0,0,6
u-2044,23,2026-06-23,train,8,1,1,0.0,0,0,2
u-2045,23,2026-06-23,train,17,5,0,0.0,0,0,6
u-2046,23,2026-06-23,train,16,2,0,0.0,0,0,4
u-2047,23,2026-06-23,train,20,3,1,0.0,0,0,6
u-2048,23,2026-06-23,train,20,6,0,0.0,0,0,2
u-2049,23,2026-06-23,train,31,9,1,0.0,0,0,3
u-2050,23,2026-06-23,train,13,1,0,0.0,0,0,6
u-2051,23,2026-06-23,train,33,5,2,0.0,0,1,6
u-2052,23,2026-06-23,train,32,2,2,0.0,0,0,7
u-2053,23,2026-06-23,train,28,4,3,0.0,0,0,6
u-2054,23,2026-06-23,train,27,2,3,0.0,1,0,5
u-2055,23,2026-06-23,train,32,1,4,0.0,0,1,10
u-2056,23,2026-06-23,train,24,2,1,0.0,0,0,6
u-2057,23,2026-06-23,train,13,3,0,0.0,0,0,3
u-2058,23,2026-06-23,train,9,2,0,0.0,0,0,1
u-2059,23,2026-06-23,train,22,9,0,0.0,1,0,3
u-2060,23,2026-06-23,train,7,0,0,0.0,0,0,1
u-2001,24,2026-06-24,train,30,5,1,0.0,0,0,2
u-2002,24,2026-06-24,train,41,6,0,0.0,0,0,4
u-2003,24,2026-06-24,train,26,6,0,0.0,0,0,5
u-2004,24,2026-06-24,train,35,5,2,0.0,0,2,6
u-2005,24,2026-06-24,train,23,1,0,0.0,0,0,4
u-2006,24,2026-06-24,train,21,3,0,0.0,0,0,4
u-2007,24,2026-06-24,train,13,2,0,0.0,0,0,5
u-2008,24,2026-06-24,train,24,4,0,0.0,0,0,1
u-2009,24,2026-06-24,train,20,1,1,0.0,0,0,8
u-2010,24,2026-06-24,train,27,7,0,0.0,0,0,5
u-2011,24,2026-06-24,train,19,1,1,0.0,0,0,3
u-2012,24,2026-06-24,train,21,4,0,0.0,0,0,4
u-2013,24,2026-06-24,train,64,13,1,0.0,0,0,3
u-2014,24,2026-06-24,train,31,6,0,0.0,0,0,4
u-2015,24,2026-06-24,train,23,6,1,0.0,0,0,4
u-2016,24,2026-06-24,train,6,1,0,0.0,0,0,1
u-2017,24,2026-06-24,train,23,4,0,0.0,0,0,4
u-2018,24,2026-06-24,train,21,7,0,0.0,0,0,3
u-2019,24,2026-06-24,train,15,1,0,0.0,0,0,4
u-2020,24,2026-06-24,train,23,6,0,0.0,0,0,5
u-2021,24,2026-06-24,train,15,1,0,0.0,0,0,2
u-2022,24,2026-06-24,train,11,5,0,0.0,0,0,4
u-2023,24,2026-06-24,train,13,1,0,0.0,0,0,3
u-2024,24,2026-06-24,train,14,3,0,0.0,0,0,5
u-2025,24,2026-06-24,train,7,0,0,0.0,0,0,3
u-2026,24,2026-06-24,train,14,0,0,0.0,0,1,2
u-2027,24,2026-06-24,train,11,1,1,0.0,0,0,3
u-2028,24,2026-06-24,train,7,0,2,0.0,0,0,4
u-2029,24,2026-06-24,train,10,2,0,0.0,0,0,5
u-2030,24,2026-06-24,train,7,1,0,9.7,0,0,2
u-2031,24,2026-06-24,train,8,1,0,0.0,0,0,5
u-2032,24,2026-06-24,train,30,5,0,8.4,0,0,2
u-2033,24,2026-06-24,train,8,2,0,0.0,0,0,1
u-2034,24,2026-06-24,train,8,0,3,0.0,0,1,3
u-2035,24,2026-06-24,train,27,8,2,0.0,0,0,4
u-2036,24,2026-06-24,train,15,2,0,0.0,0,0,4
u-2037,24,2026-06-24,train,19,9,0,0.0,0,0,5
u-2038,24,2026-06-24,train,15,3,0,8.0,0,0,3
u-2039,24,2026-06-24,train,26,4,2,0.0,0,0,3
u-2040,24,2026-06-24,train,17,0,0,0.0,1,0,8
u-2041,24,2026-06-24,train,10,0,0,0.0,0,1,3
u-2042,24,2026-06-24,train,12,2,2,0.0,0,0,4
u-2043,24,2026-06-24,train,15,4,0,0.0,0,0,5
u-2044,24,2026-06-24,train,12,1,0,0.0,0,0,1
u-2045,24,2026-06-24,train,17,6,0,0.0,0,0,5
u-2046,24,2026-06-24,train,21,7,0,0.0,0,0,1
u-2047,24,2026-06-24,train,12,3,0,0.0,0,0,1
u-2048,24,2026-06-24,train,12,2,0,0.0,0,0,2
u-2049,24,2026-06-24,train,27,5,0,0.0,0,0,1
u-2050,24,2026-06-24,train,9,2,0,0.0,0,0,3
u-2051,24,2026-06-24,train,28,7,0,0.0,0,0,10
u-2052,24,2026-06-24,train,47,7,2,0.0,0,1,4
u-2053,24,2026-06-24,train,41,3,1,0.0,0,0,4
u-2054,24,2026-06-24,train,33,4,1,0.0,0,0,3
u-2055,24,2026-06-24,train,31,2,1,0.0,0,0,3
u-2056,24,2026-06-24,train,38,4,1,0.0,0,0,5
u-2057,24,2026-06-24,train,16,7,0,0.0,0,0,2
u-2058,24,2026-06-24,train,14,5,1,0.0,0,0,2
u-2059,24,2026-06-24,train,20,6,0,0.0,0,0,4
u-2060,24,2026-06-24,train,7,3,0,0.0,0,0,3
u-2001,25,2026-06-25,train,30,5,1,0.0,0,1,3
u-2002,25,2026-06-25,train,25,2,0,0.0,0,0,2
u-2003,25,2026-06-25,train,11,2,0,0.0,0,0,5
u-2004,25,2026-06-25,train,32,9,0,0.0,0,0,5
u-2005,25,2026-06-25,train,32,8,0,0.0,1,0,2
u-2006,25,2026-06-25,train,20,1,1,0.0,0,0,4
u-2007,25,2026-06-25,train,15,4,1,0.0,0,0,5
u-2008,25,2026-06-25,train,18,2,0,0.0,0,0,5
u-2009,25,2026-06-25,train,30,10,1,0.0,0,0,4
u-2010,25,2026-06-25,train,23,4,0,0.0,0,1,2
u-2011,25,2026-06-25,train,26,6,1,0.0,0,1,6
u-2012,25,2026-06-25,train,19,2,0,0.0,0,1,4
u-2013,25,2026-06-25,train,60,15,0,0.0,0,0,1
u-2014,25,2026-06-25,train,33,6,0,0.0,0,1,2
u-2015,25,2026-06-25,train,27,12,0,0.0,0,0,1
u-2016,25,2026-06-25,train,11,3,0,12.8,0,0,3
u-2017,25,2026-06-25,train,26,9,0,0.0,0,0,2
u-2018,25,2026-06-25,train,15,3,0,0.0,0,1,2
u-2019,25,2026-06-25,train,10,3,0,0.0,0,0,3
u-2020,25,2026-06-25,train,26,9,0,0.0,0,0,3
u-2021,25,2026-06-25,train,7,2,0,0.0,0,0,5
u-2022,25,2026-06-25,train,13,4,0,0.0,0,0,5
u-2023,25,2026-06-25,train,12,3,1,0.0,0,0,5
u-2024,25,2026-06-25,train,16,5,1,0.0,1,0,4
u-2025,25,2026-06-25,train,9,1,0,0.0,0,0,5
u-2026,25,2026-06-25,train,12,0,0,0.0,0,1,5
u-2027,25,2026-06-25,train,9,2,0,0.0,0,0,2
u-2028,25,2026-06-25,train,11,2,0,0.0,0,0,3
u-2029,25,2026-06-25,train,6,1,0,0.0,0,0,2
u-2030,25,2026-06-25,train,13,2,1,0.0,0,0,4
u-2031,25,2026-06-25,train,9,0,0,16.2,0,0,3
u-2032,25,2026-06-25,train,18,0,2,0.0,0,0,5
u-2033,25,2026-06-25,train,12,1,2,0.0,0,1,1
u-2034,25,2026-06-25,train,11,0,1,0.0,0,1,3
u-2035,25,2026-06-25,train,19,6,0,0.0,0,0,5
u-2036,25,2026-06-25,train,10,1,1,0.0,0,0,7
u-2037,25,2026-06-25,train,11,1,0,0.0,0,0,2
u-2038,25,2026-06-25,train,12,1,0,0.0,0,0,6
u-2039,25,2026-06-25,train,26,7,0,0.0,0,0,7
u-2040,25,2026-06-25,train,15,1,0,0.0,0,0,2
u-2041,25,2026-06-25,train,12,0,0,0.0,0,0,3
u-2042,25,2026-06-25,train,20,3,2,0.0,0,0,1
u-2043,25,2026-06-25,train,15,2,0,0.0,0,0,3
u-2044,25,2026-06-25,train,4,1,1,0.0,0,0,3
u-2045,25,2026-06-25,train,16,3,0,0.0,0,0,2
u-2046,25,2026-06-25,train,23,4,0,0.0,0,0,2
u-2047,25,2026-06-25,train,13,5,0,0.0,0,0,3
u-2048,25,2026-06-25,train,19,4,0,0.0,0,0,1
u-2049,25,2026-06-25,train,22,4,0,0.0,0,0,2
u-2050,25,2026-06-25,train,15,5,0,0.0,0,0,2
u-2051,25,2026-06-25,train,27,3,3,0.0,0,2,5
u-2052,25,2026-06-25,train,43,4,0,0.0,0,1,5
u-2053,25,2026-06-25,train,35,1,1,0.0,0,1,6
u-2054,25,2026-06-25,train,17,1,1,0.0,0,0,2
u-2055,25,2026-06-25,train,27,1,1,0.0,0,1,11
u-2056,25,2026-06-25,train,28,5,1,0.0,0,0,6
u-2057,25,2026-06-25,train,16,4,0,0.0,1,0,2
u-2058,25,2026-06-25,train,10,2,0,0.0,0,0,1
u-2059,25,2026-06-25,train,13,6,0,0.0,0,0,3
u-2060,25,2026-06-25,train,13,4,0,0.0,0,0,2
u-2001,26,2026-06-26,train,31,6,0,0.0,0,0,3
u-2002,26,2026-06-26,train,44,3,0,0.0,1,0,4
u-2003,26,2026-06-26,train,19,3,0,0.0,0,1,3
u-2004,26,2026-06-26,train,26,6,1,0.0,0,0,6
u-2005,26,2026-06-26,train,26,4,2,0.0,0,0,2
u-2006,26,2026-06-26,train,16,3,0,0.0,0,0,1
u-2007,26,2026-06-26,train,13,2,0,0.0,1,1,3
u-2008,26,2026-06-26,train,26,4,0,0.0,0,0,4
u-2009,26,2026-06-26,train,34,6,1,0.0,0,0,3
u-2010,26,2026-06-26,train,21,1,0,0.0,0,2,4
u-2011,26,2026-06-26,train,32,8,0,0.0,0,1,5
u-2012,26,2026-06-26,train,16,3,1,0.0,0,0,4
u-2013,26,2026-06-26,train,57,11,0,0.0,0,0,4
u-2014,26,2026-06-26,train,28,5,0,0.0,1,1,7
u-2015,26,2026-06-26,train,28,7,2,0.0,0,0,3
u-2016,26,2026-06-26,train,8,1,0,0.0,0,0,3
u-2017,26,2026-06-26,train,23,2,0,0.0,0,1,2
u-2018,26,2026-06-26,train,13,3,1,0.0,0,0,2
u-2019,26,2026-06-26,train,14,3,1,0.0,0,0,3
u-2020,26,2026-06-26,train,23,6,1,0.0,0,0,3
u-2021,26,2026-06-26,train,11,0,0,0.0,0,0,3
u-2022,26,2026-06-26,train,9,2,3,0.0,0,0,3
u-2023,26,2026-06-26,train,14,1,0,0.0,0,0,2
u-2024,26,2026-06-26,train,21,3,0,0.0,0,0,3
u-2025,26,2026-06-26,train,6,0,0,0.0,0,0,2
u-2026,26,2026-06-26,train,14,3,0,0.0,0,0,5
u-2027,26,2026-06-26,train,10,1,1,0.0,0,0,1
u-2028,26,2026-06-26,train,10,1,0,9.0,0,0,2
u-2029,26,2026-06-26,train,7,0,3,0.0,0,0,2
u-2030,26,2026-06-26,train,21,1,3,0.0,0,0,1
u-2031,26,2026-06-26,train,13,1,1,0.0,0,0,5
u-2032,26,2026-06-26,train,21,6,0,0.0,0,0,5
u-2033,26,2026-06-26,train,15,4,0,0.0,0,0,5
u-2034,26,2026-06-26,train,16,2,1,0.0,0,0,1
u-2035,26,2026-06-26,train,31,8,0,0.0,0,0,3
u-2036,26,2026-06-26,train,20,5,0,0.0,0,1,6
u-2037,26,2026-06-26,train,17,3,2,0.0,0,0,3
u-2038,26,2026-06-26,train,24,9,2,0.0,0,0,3
u-2039,26,2026-06-26,train,28,5,0,0.0,0,0,4
u-2040,26,2026-06-26,train,15,2,0,0.0,0,0,2
u-2041,26,2026-06-26,train,10,3,0,0.0,0,0,5
u-2042,26,2026-06-26,train,23,2,1,0.0,0,0,3
u-2043,26,2026-06-26,train,10,2,0,0.0,0,0,4
u-2044,26,2026-06-26,train,14,4,1,0.0,0,1,2
u-2045,26,2026-06-26,train,11,3,0,0.0,0,0,4
u-2046,26,2026-06-26,train,19,3,0,0.0,0,0,6
u-2047,26,2026-06-26,train,11,1,1,0.0,0,0,6
u-2048,26,2026-06-26,train,15,2,0,0.0,0,0,3
u-2049,26,2026-06-26,train,32,7,1,0.0,0,1,4
u-2050,26,2026-06-26,train,8,3,0,7.0,0,0,4
u-2051,26,2026-06-26,train,33,7,0,0.0,0,1,8
u-2052,26,2026-06-26,train,36,2,0,0.0,0,0,2
u-2053,26,2026-06-26,train,36,0,1,0.0,0,1,7
u-2054,26,2026-06-26,train,31,2,3,0.0,0,1,6
u-2055,26,2026-06-26,train,35,4,1,0.0,0,0,6
u-2056,26,2026-06-26,train,25,2,1,0.0,0,0,12
u-2057,26,2026-06-26,train,17,6,0,0.0,0,0,3
u-2058,26,2026-06-26,train,5,1,0,0.0,0,0,4
u-2059,26,2026-06-26,train,6,4,0,0.0,0,0,4
u-2060,26,2026-06-26,train,7,1,0,0.0,0,0,2
u-2001,27,2026-06-27,train,2,0,0,0.0,0,0,4
u-2002,27,2026-06-27,train,4,1,0,0.0,0,0,1
u-2003,27,2026-06-27,train,0,0,0,0.0,0,0,0
u-2004,27,2026-06-27,train,5,1,0,0.0,0,0,4
u-2005,27,2026-06-27,train,2,1,1,0.0,0,0,4
u-2006,27,2026-06-27,train,1,0,1,0.0,0,0,3
u-2007,27,2026-06-27,train,0,0,0,0.0,0,0,0
u-2008,27,2026-06-27,train,1,0,0,0.0,0,0,1
u-2009,27,2026-06-27,train,6,0,0,0.0,0,0,1
u-2010,27,2026-06-27,train,1,0,0,0.0,0,0,3
u-2011,27,2026-06-27,train,0,0,0,0.0,0,0,0
u-2012,27,2026-06-27,train,1,0,1,0.0,0,0,2
u-2013,27,2026-06-27,train,4,0,0,0.0,0,0,4
u-2014,27,2026-06-27,train,2,0,1,0.0,0,1,5
u-2015,27,2026-06-27,train,2,2,0,0.0,0,0,1
u-2016,27,2026-06-27,train,0,0,1,0.0,0,0,0
u-2017,27,2026-06-27,train,0,0,0,0.0,0,0,0
u-2018,27,2026-06-27,train,2,0,0,0.0,0,0,3
u-2019,27,2026-06-27,train,0,0,0,0.0,0,0,0
u-2020,27,2026-06-27,train,0,0,0,0.0,0,0,0
u-2021,27,2026-06-27,train,2,0,0,0.0,0,0,5
u-2022,27,2026-06-27,train,1,0,0,0.0,0,0,2
u-2023,27,2026-06-27,train,1,0,0,0.0,0,0,5
u-2024,27,2026-06-27,train,2,0,0,0.0,0,0,1
u-2025,27,2026-06-27,train,1,0,3,0.0,0,0,2
u-2026,27,2026-06-27,train,1,0,0,0.0,0,0,2
u-2027,27,2026-06-27,train,1,0,0,0.0,0,0,2
u-2028,27,2026-06-27,train,1,0,1,0.0,0,0,3
u-2029,27,2026-06-27,train,0,0,0,0.0,0,0,0
u-2030,27,2026-06-27,train,0,0,0,0.0,0,0,0
u-2031,27,2026-06-27,train,0,0,0,0.0,0,0,0
u-2032,27,2026-06-27,train,1,0,0,0.0,0,0,2
u-2033,27,2026-06-27,train,0,0,0,0.0,0,0,0
u-2034,27,2026-06-27,train,1,0,0,0.0,0,0,5
u-2035,27,2026-06-27,train,0,0,0,0.0,0,0,0
u-2036,27,2026-06-27,train,1,0,0,0.0,0,1,1
u-2037,27,2026-06-27,train,5,0,0,0.0,0,0,7
u-2038,27,2026-06-27,train,5,1,0,0.0,0,0,7
u-2039,27,2026-06-27,train,2,1,0,0.0,0,0,1
u-2040,27,2026-06-27,train,1,0,0,0.0,0,1,2
u-2041,27,2026-06-27,train,2,0,0,0.0,0,0,5
u-2042,27,2026-06-27,train,1,1,0,0.0,0,0,1
u-2043,27,2026-06-27,train,1,0,0,0.0,0,0,2
u-2044,27,2026-06-27,train,0,0,1,0.0,0,0,0
u-2045,27,2026-06-27,train,4,0,0,0.0,0,0,4
u-2046,27,2026-06-27,train,2,1,0,0.0,0,0,4
u-2047,27,2026-06-27,train,2,0,0,0.0,0,0,3
u-2048,27,2026-06-27,train,1,1,0,0.0,0,0,6
u-2049,27,2026-06-27,train,2,1,0,0.0,0,0,5
u-2050,27,2026-06-27,train,0,0,0,0.0,0,0,0
u-2051,27,2026-06-27,train,3,0,1,0.0,0,0,5
u-2052,27,2026-06-27,train,5,1,1,0.0,0,0,3
u-2053,27,2026-06-27,train,3,0,2,0.0,0,0,5
u-2054,27,2026-06-27,train,4,0,0,0.0,0,0,3
u-2055,27,2026-06-27,train,5,1,1,0.0,0,0,5
u-2056,27,2026-06-27,train,4,0,0,0.0,0,0,6
u-2057,27,2026-06-27,train,1,0,0,0.0,0,0,3
u-2058,27,2026-06-27,train,1,0,0,0.0,0,0,2
u-2059,27,2026-06-27,train,2,0,0,0.0,0,0,1
u-2060,27,2026-06-27,train,1,0,0,0.0,0,0,1
u-2001,28,2026-06-28,train,4,0,1,0.0,0,0,3
u-2002,28,2026-06-28,train,5,0,0,0.0,0,0,4
u-2003,28,2026-06-28,train,1,1,1,0.0,0,0,6
u-2004,28,2026-06-28,train,4,1,0,0.0,0,0,4
u-2005,28,2026-06-28,train,2,0,0,0.0,0,0,2
u-2006,28,2026-06-28,train,3,0,0,0.0,0,0,2
u-2007,28,2026-06-28,train,1,0,0,0.0,0,0,2
u-2008,28,2026-06-28,train,1,0,0,0.0,0,0,1
u-2009,28,2026-06-28,train,3,0,0,0.0,0,0,4
u-2010,28,2026-06-28,train,2,1,1,0.0,0,0,2
u-2011,28,2026-06-28,train,2,0,0,0.0,0,0,3
u-2012,28,2026-06-28,train,2,1,1,0.0,0,0,1
u-2013,28,2026-06-28,train,5,0,0,0.0,0,0,3
u-2014,28,2026-06-28,train,2,0,1,0.0,0,0,3
u-2015,28,2026-06-28,train,3,0,0,0.0,0,0,4
u-2016,28,2026-06-28,train,2,0,0,0.0,0,0,5
u-2017,28,2026-06-28,train,1,0,0,0.0,0,0,3
u-2018,28,2026-06-28,train,0,0,0,0.0,0,0,0
u-2019,28,2026-06-28,train,1,0,0,0.0,0,0,1
u-2020,28,2026-06-28,train,1,0,0,0.0,0,0,4
u-2021,28,2026-06-28,train,0,0,1,0.0,0,0,0
u-2022,28,2026-06-28,train,2,0,0,0.0,0,0,2
u-2023,28,2026-06-28,train,1,1,0,0.0,0,0,2
u-2024,28,2026-06-28,train,1,0,0,0.0,0,0,2
u-2025,28,2026-06-28,train,1,1,0,0.0,0,0,3
u-2026,28,2026-06-28,train,0,0,0,0.0,0,0,0
u-2027,28,2026-06-28,train,0,0,0,0.0,0,0,0
u-2028,28,2026-06-28,train,2,0,0,0.0,0,0,3
u-2029,28,2026-06-28,train,0,0,0,0.0,0,0,0
u-2030,28,2026-06-28,train,0,0,0,0.0,0,0,0
u-2031,28,2026-06-28,train,0,0,0,0.0,0,0,0
u-2032,28,2026-06-28,train,4,0,1,0.0,0,0,2
u-2033,28,2026-06-28,train,2,1,0,0.0,0,0,5
u-2034,28,2026-06-28,train,2,0,1,0.0,0,0,4
u-2035,28,2026-06-28,train,2,1,0,0.0,0,0,1
u-2036,28,2026-06-28,train,1,0,0,0.0,0,0,5
u-2037,28,2026-06-28,train,3,0,0,0.0,0,0,3
u-2038,28,2026-06-28,train,2,0,0,0.0,0,0,2
u-2039,28,2026-06-28,train,1,1,0,9.9,0,0,3
u-2040,28,2026-06-28,train,2,0,1,0.0,0,0,2
u-2041,28,2026-06-28,train,3,0,0,0.0,0,0,5
u-2042,28,2026-06-28,train,3,1,0,0.0,0,0,5
u-2043,28,2026-06-28,train,1,0,0,0.0,0,0,5
u-2044,28,2026-06-28,train,1,0,0,0.0,0,0,2
u-2045,28,2026-06-28,train,3,0,0,0.0,0,0,4
u-2046,28,2026-06-28,train,3,1,0,0.0,0,0,4
u-2047,28,2026-06-28,train,0,0,0,0.0,0,0,0
u-2048,28,2026-06-28,train,0,0,0,0.0,0,0,0
u-2049,28,2026-06-28,train,2,0,0,0.0,0,0,3
u-2050,28,2026-06-28,train,1,0,0,0.0,0,0,1
u-2051,28,2026-06-28,train,2,0,1,0.0,0,0,7
u-2052,28,2026-06-28,train,3,0,0,0.0,0,0,6
u-2053,28,2026-06-28,train,2,0,0,0.0,0,0,6
u-2054,28,2026-06-28,train,3,2,0,0.0,0,0,2
u-2055,28,2026-06-28,train,3,0,0,0.0,0,0,10
u-2056,28,2026-06-28,train,1,0,1,0.0,0,0,5
u-2057,28,2026-06-28,train,1,0,0,0.0,0,0,1
u-2058,28,2026-06-28,train,3,2,0,0.0,0,0,1
u-2059,28,2026-06-28,train,2,0,0,0.0,0,0,1
u-2060,28,2026-06-28,train,0,0,0,0.0,0,0,0
u-2001,29,2026-06-29,train,36,5,0,0.0,0,0,3
u-2002,29,2026-06-29,train,23,4,0,0.0,0,2,2
u-2003,29,2026-06-29,train,11,1,0,0.0,0,0,3
u-2004,29,2026-06-29,train,35,6,1,0.0,0,1,6
u-2005,29,2026-06-29,train,33,7,0,0.0,0,0,4
u-2006,29,2026-06-29,train,29,4,0,0.0,0,0,7
u-2007,29,2026-06-29,train,7,1,0,0.0,0,0,3
u-2008,29,2026-06-29,train,27,4,0,0.0,0,1,3
u-2009,29,2026-06-29,train,38,5,2,0.0,0,1,6
u-2010,29,2026-06-29,train,16,2,0,0.0,0,0,1
u-2011,29,2026-06-29,train,33,7,1,0.0,0,0,5
u-2012,29,2026-06-29,train,33,7,0,0.0,0,0,6
u-2013,29,2026-06-29,train,54,13,0,0.0,0,1,5
u-2014,29,2026-06-29,train,35,3,0,0.0,0,0,1
u-2015,29,2026-06-29,train,38,8,0,0.0,0,0,5
u-2016,29,2026-06-29,train,9,5,0,0.0,0,0,3
u-2017,29,2026-06-29,train,22,9,0,0.0,0,1,3
u-2018,29,2026-06-29,train,7,1,0,0.0,0,0,5
u-2019,29,2026-06-29,train,8,4,1,0.0,0,0,3
u-2020,29,2026-06-29,train,21,9,0,5.7,0,0,4
u-2021,29,2026-06-29,train,19,1,1,0.0,0,0,2
u-2022,29,2026-06-29,train,10,4,0,0.0,0,0,2
u-2023,29,2026-06-29,train,10,2,1,0.0,0,0,4
u-2024,29,2026-06-29,train,12,4,0,0.0,0,0,5
u-2025,29,2026-06-29,train,7,1,1,0.0,0,0,3
u-2026,29,2026-06-29,train,10,0,1,0.0,0,0,2
u-2027,29,2026-06-29,train,11,3,1,0.0,0,0,1
u-2028,29,2026-06-29,train,15,3,1,0.0,0,2,5
u-2029,29,2026-06-29,train,8,2,1,0.0,0,0,4
u-2030,29,2026-06-29,train,15,2,0,0.0,0,1,5
u-2031,29,2026-06-29,train,13,3,0,0.0,0,0,5
u-2032,29,2026-06-29,train,25,2,0,0.0,0,0,3
u-2033,29,2026-06-29,train,10,0,0,0.0,0,0,5
u-2034,29,2026-06-29,train,6,1,1,0.0,0,0,3
u-2035,29,2026-06-29,train,20,2,1,0.0,0,0,7
u-2036,29,2026-06-29,train,23,7,0,0.0,0,0,4
u-2037,29,2026-06-29,train,25,4,1,0.0,0,0,1
u-2038,29,2026-06-29,train,14,4,0,0.0,1,0,3
u-2039,29,2026-06-29,train,21,5,0,0.0,0,0,5
u-2040,29,2026-06-29,train,19,3,1,0.0,0,0,1
u-2041,29,2026-06-29,train,11,1,0,0.0,0,0,2
u-2042,29,2026-06-29,train,22,3,1,0.0,0,0,4
u-2043,29,2026-06-29,train,17,4,0,7.8,0,0,2
u-2044,29,2026-06-29,train,11,1,0,0.0,0,0,2
u-2045,29,2026-06-29,train,15,6,0,7.0,0,0,1
u-2046,29,2026-06-29,train,15,4,0,0.0,0,0,3
u-2047,29,2026-06-29,train,10,4,1,0.0,0,0,4
u-2048,29,2026-06-29,train,9,0,1,0.0,0,0,1
u-2049,29,2026-06-29,train,29,5,0,0.0,0,0,3
u-2050,29,2026-06-29,train,9,1,0,0.0,0,0,2
u-2051,29,2026-06-29,train,21,1,1,0.0,0,1,7
u-2052,29,2026-06-29,train,39,7,2,0.0,0,0,2
u-2053,29,2026-06-29,train,32,2,0,0.0,0,1,8
u-2054,29,2026-06-29,train,33,1,1,0.0,0,2,3
u-2055,29,2026-06-29,train,21,1,0,0.0,0,2,5
u-2056,29,2026-06-29,train,25,3,2,0.0,0,0,7
u-2057,29,2026-06-29,train,25,6,0,0.0,0,1,3
u-2058,29,2026-06-29,train,14,5,0,0.0,0,0,2
u-2059,29,2026-06-29,train,14,4,0,0.0,0,0,1
u-2060,29,2026-06-29,train,6,3,0,0.0,0,0,1
u-2001,30,2026-06-30,train,30,7,0,0.0,0,0,3
u-2002,30,2026-06-30,train,52,10,2,0.0,0,0,8
u-2003,30,2026-06-30,train,20,3,2,0.0,0,0,2
u-2004,30,2026-06-30,train,22,6,0,0.0,0,0,8
u-2005,30,2026-06-30,train,29,2,0,0.0,0,0,4
u-2006,30,2026-06-30,train,25,4,0,0.0,0,0,8
u-2007,30,2026-06-30,train,12,3,0,4.7,0,1,7
u-2008,30,2026-06-30,train,28,7,1,0.0,0,0,2
u-2009,30,2026-06-30,train,27,6,0,0.0,0,1,6
u-2010,30,2026-06-30,train,27,8,0,0.0,1,0,3
u-2011,30,2026-06-30,train,32,4,1,0.0,0,0,7
u-2012,30,2026-06-30,train,25,1,0,0.0,0,0,7
u-2013,30,2026-06-30,train,41,9,0,0.0,1,0,4
u-2014,30,2026-06-30,train,31,1,1,0.0,0,0,2
u-2015,30,2026-06-30,train,29,5,0,0.0,0,0,1
u-2016,30,2026-06-30,train,8,3,0,0.0,0,0,4
u-2017,30,2026-06-30,train,16,3,0,0.0,0,0,3
u-2018,30,2026-06-30,train,7,3,0,0.0,0,0,1
u-2019,30,2026-06-30,train,6,1,1,0.0,0,0,3
u-2020,30,2026-06-30,train,14,4,1,0.0,0,0,2
u-2021,30,2026-06-30,train,23,5,0,0.0,0,0,5
u-2022,30,2026-06-30,train,8,1,2,0.0,0,0,4
u-2023,30,2026-06-30,train,13,4,0,0.0,0,0,2
u-2024,30,2026-06-30,train,19,5,0,0.0,0,1,2
u-2025,30,2026-06-30,train,6,0,0,0.0,0,0,4
u-2026,30,2026-06-30,train,13,1,0,0.0,0,0,4
u-2027,30,2026-06-30,train,9,2,0,0.0,0,1,3
u-2028,30,2026-06-30,train,11,0,0,0.0,0,0,2
u-2029,30,2026-06-30,train,7,1,0,0.0,0,0,4
u-2030,30,2026-06-30,train,10,1,0,0.0,0,0,5
u-2031,30,2026-06-30,train,12,0,0,0.0,0,1,4
u-2032,30,2026-06-30,train,20,3,0,0.0,0,0,2
u-2033,30,2026-06-30,train,14,2,0,0.0,0,0,1
u-2034,30,2026-06-30,train,14,2,0,4.2,0,0,1
u-2035,30,2026-06-30,train,28,6,2,0.0,0,1,2
u-2036,30,2026-06-30,train,21,7,0,0.0,1,1,4
u-2037,30,2026-06-30,train,15,1,0,0.0,0,1,3
u-2038,30,2026-06-30,train,15,1,0,0.0,0,0,1
u-2039,30,2026-06-30,train,28,5,1,0.0,0,0,3
u-2040,30,2026-06-30,train,15,2,1,0.0,0,0,2
u-2041,30,2026-06-30,train,19,5,0,0.0,0,0,7
u-2042,30,2026-06-30,train,15,4,1,0.0,0,0,4
u-2043,30,2026-06-30,train,11,5,0,0.0,0,0,4
u-2044,30,2026-06-30,train,10,1,1,0.0,0,0,3
u-2045,30,2026-06-30,train,15,4,1,0.0,0,0,3
u-2046,30,2026-06-30,train,24,6,0,0.0,0,0,3
u-2047,30,2026-06-30,train,10,0,0,0.0,0,0,2
u-2048,30,2026-06-30,train,11,0,1,0.0,0,0,1
u-2049,30,2026-06-30,train,32,7,0,0.0,0,0,2
u-2050,30,2026-06-30,train,7,0,0,0.0,0,0,5
u-2051,30,2026-06-30,train,41,7,1,0.0,0,0,7
u-2052,30,2026-06-30,train,44,1,2,0.0,0,0,6
u-2053,30,2026-06-30,train,33,3,0,0.0,0,0,9
u-2054,30,2026-06-30,train,29,1,2,0.0,0,1,5
u-2055,30,2026-06-30,train,19,0,2,0.0,0,0,6
u-2056,30,2026-06-30,train,28,3,3,0.0,0,0,6
u-2057,30,2026-06-30,train,16,3,0,0.0,0,0,1
u-2058,30,2026-06-30,train,10,2,0,0.0,0,0,1
u-2059,30,2026-06-30,train,24,6,0,0.0,0,0,1
u-2060,30,2026-06-30,train,4,3,0,1.3,0,0,4
u-2001,31,2026-07-01,train,39,8,1,0.0,0,0,3
u-2002,31,2026-07-01,train,33,4,2,0.0,0,0,4
u-2003,31,2026-07-01,train,12,2,0,0.0,0,0,4
u-2004,31,2026-07-01,train,39,5,0,0.0,0,0,4
u-2005,31,2026-07-01,train,32,7,0,0.0,1,0,9
u-2006,31,2026-07-01,train,24,5,0,0.0,0,0,1
u-2007,31,2026-07-01,train,15,3,0,3.5,0,0,5
u-2008,31,2026-07-01,train,25,3,1,0.0,0,0,8
u-2009,31,2026-07-01,train,25,3,0,0.0,0,0,3
u-2010,31,2026-07-01,train,34,6,0,0.0,0,0,6
u-2011,31,2026-07-01,train,22,3,0,0.0,0,0,1
u-2012,31,2026-07-01,train,29,2,0,0.0,0,0,5
u-2013,31,2026-07-01,train,55,16,0,0.0,0,0,2
u-2014,31,2026-07-01,train,28,8,1,0.0,0,0,3
u-2015,31,2026-07-01,train,28,7,1,0.0,0,0,4
u-2016,31,2026-07-01,train,10,4,0,0.0,0,0,3
u-2017,31,2026-07-01,train,28,10,0,0.0,0,0,1
u-2018,31,2026-07-01,train,8,3,0,0.0,0,0,4
u-2019,31,2026-07-01,train,4,2,1,0.0,0,0,1
u-2020,31,2026-07-01,train,16,5,0,0.0,0,0,2
u-2021,31,2026-07-01,train,11,6,0,0.0,0,0,3
u-2022,31,2026-07-01,train,8,4,0,0.0,0,0,1
u-2023,31,2026-07-01,train,12,3,1,4.0,0,0,1
u-2024,31,2026-07-01,train,17,4,0,0.0,0,0,3
u-2025,31,2026-07-01,train,14,2,0,5.3,0,0,1
u-2026,31,2026-07-01,train,12,0,0,0.0,0,0,2
u-2027,31,2026-07-01,train,11,2,0,4.3,0,0,2
u-2028,31,2026-07-01,train,10,1,0,0.0,0,0,5
u-2029,31,2026-07-01,train,6,1,0,0.0,0,0,3
u-2030,31,2026-07-01,train,12,2,0,0.0,0,0,2
u-2031,31,2026-07-01,train,11,2,0,0.0,0,0,4
u-2032,31,2026-07-01,train,21,5,2,0.0,0,0,5
u-2033,31,2026-07-01,train,13,3,2,0.0,0,1,3
u-2034,31,2026-07-01,train,12,2,0,0.0,0,0,5
u-2035,31,2026-07-01,train,26,8,0,0.0,0,0,1
u-2036,31,2026-07-01,train,16,4,1,0.0,0,0,2
u-2037,31,2026-07-01,train,15,2,1,0.0,0,0,3
u-2038,31,2026-07-01,train,14,5,0,0.0,0,0,4
u-2039,31,2026-07-01,train,23,5,1,0.0,1,1,4
u-2040,31,2026-07-01,train,12,1,0,0.0,0,0,2
u-2041,31,2026-07-01,train,15,2,2,0.0,0,1,6
u-2042,31,2026-07-01,train,19,6,1,0.0,0,0,4
u-2043,31,2026-07-01,train,15,6,0,0.0,0,0,2
u-2044,31,2026-07-01,train,16,3,0,0.0,0,0,1
u-2045,31,2026-07-01,train,16,3,0,0.0,0,0,3
u-2046,31,2026-07-01,train,23,5,0,0.0,0,1,4
u-2047,31,2026-07-01,train,15,5,0,0.0,0,0,1
u-2048,31,2026-07-01,train,12,4,0,0.0,0,0,2
u-2049,31,2026-07-01,train,41,10,0,0.0,0,0,3
u-2050,31,2026-07-01,train,3,0,1,0.0,0,0,1
u-2051,31,2026-07-01,train,45,2,2,0.0,0,0,7
u-2052,31,2026-07-01,train,37,5,0,0.0,0,0,3
u-2053,31,2026-07-01,train,27,1,1,0.0,0,1,4
u-2054,31,2026-07-01,train,25,6,0,0.0,0,1,9
u-2055,31,2026-07-01,train,30,1,1,0.0,0,1,3
u-2056,31,2026-07-01,train,19,1,0,0.0,0,0,4
u-2057,31,2026-07-01,train,10,3,0,0.0,0,0,2
u-2058,31,2026-07-01,train,7,3,0,0.0,0,0,1
u-2059,31,2026-07-01,train,16,2,1,0.0,0,0,2
u-2060,31,2026-07-01,train,13,4,0,0.0,0,0,4
u-2001,32,2026-07-02,train,28,4,0,0.0,0,0,2
u-2002,32,2026-07-02,train,33,6,1,0.0,0,0,3
u-2003,32,2026-07-02,train,14,3,1,2.3,0,0,2
u-2004,32,2026-07-02,train,26,6,0,0.0,0,0,3
u-2005,32,2026-07-02,train,22,3,0,0.0,0,0,8
u-2006,32,2026-07-02,train,19,4,0,0.0,0,0,3
u-2007,32,2026-07-02,train,8,4,0,0.0,0,2,4
u-2008,32,2026-07-02,train,33,11,0,0.0,1,1,2
u-2009,32,2026-07-02,train,31,9,1,0.0,0,2,6
u-2010,32,2026-07-02,train,26,7,0,0.0,0,0,4
u-2011,32,2026-07-02,train,31,2,0,0.0,0,0,2
u-2012,32,2026-07-02,train,22,2,0,0.0,0,1,3
u-2013,32,2026-07-02,train,58,15,1,0.0,0,0,4
u-2014,32,2026-07-02,train,20,2,0,0.0,0,0,3
u-2015,32,2026-07-02,train,18,5,0,0.0,0,0,2
u-2016,32,2026-07-02,train,16,6,0,0.0,0,0,4
u-2017,32,2026-07-02,train,16,5,0,0.0,0,0,3
u-2018,32,2026-07-02,train,14,7,0,0.0,0,0,2
u-2019,32,2026-07-02,train,10,2,1,0.0,0,0,2
u-2020,32,2026-07-02,train,11,4,0,0.0,1,0,6
u-2021,32,2026-07-02,train,13,1,0,0.0,0,1,1
u-2022,32,2026-07-02,train,10,2,0,5.7,0,0,3
u-2023,32,2026-07-02,train,14,2,0,0.0,0,0,5
u-2024,32,2026-07-02,train,18,3,0,0.0,0,0,3
u-2025,32,2026-07-02,train,6,0,1,0.0,0,0,2
u-2026,32,2026-07-02,train,8,1,0,0.0,0,0,3
u-2027,32,2026-07-02,train,9,1,1,0.0,0,0,2
u-2028,32,2026-07-02,train,7,0,0,0.0,0,1,3
u-2029,32,2026-07-02,train,8,1,0,0.0,0,1,3
u-2030,32,2026-07-02,train,16,2,0,0.0,0,1,1
u-2031,32,2026-07-02,train,16,2,0,0.0,0,0,1
u-2032,32,2026-07-02,train,26,4,0,4.4,0,0,5
u-2033,32,2026-07-02,train,23,3,0,0.0,0,0,5
u-2034,32,2026-07-02,train,14,2,0,0.0,0,0,3
u-2035,32,2026-07-02,train,33,8,0,0.0,0,1,3
u-2036,32,2026-07-02,train,24,4,0,0.0,0,3,5
u-2037,32,2026-07-02,train,16,6,0,0.0,1,1,6
u-2038,32,2026-07-02,train,17,4,1,0.0,0,1,2
u-2039,32,2026-07-02,train,31,5,1,0.0,0,0,2
u-2040,32,2026-07-02,train,17,2,0,0.0,0,1,2
u-2041,32,2026-07-02,train,14,1,0,0.0,0,0,3
u-2042,32,2026-07-02,train,23,6,1,0.0,0,0,3
u-2043,32,2026-07-02,train,10,0,0,4.8,0,0,3
u-2044,32,2026-07-02,train,15,1,0,0.0,0,0,6
u-2045,32,2026-07-02,train,11,1,0,0.0,0,0,2
u-2046,32,2026-07-02,train,23,5,0,0.0,0,0,2
u-2047,32,2026-07-02,train,15,4,2,0.0,0,0,2
u-2048,32,2026-07-02,train,13,3,1,0.0,0,0,3
u-2049,32,2026-07-02,train,28,6,1,0.0,0,1,2
u-2050,32,2026-07-02,train,11,5,0,0.0,0,0,5
u-2051,32,2026-07-02,train,24,3,2,0.0,0,1,7
u-2052,32,2026-07-02,train,40,2,3,0.0,0,1,4
u-2053,32,2026-07-02,train,46,3,1,0.0,0,0,6
u-2054,32,2026-07-02,train,31,2,0,0.0,0,0,7
u-2055,32,2026-07-02,train,28,2,0,3.6,0,0,7
u-2056,32,2026-07-02,train,26,4,2,0.0,0,0,9
u-2057,32,2026-07-02,train,18,7,0,0.0,0,0,4
u-2058,32,2026-07-02,train,13,8,0,0.0,0,0,2
u-2059,32,2026-07-02,train,28,15,0,0.0,0,0,1
u-2060,32,2026-07-02,train,8,0,1,0.0,0,0,1
u-2001,33,2026-07-03,train,29,7,0,0.0,0,0,2
u-2002,33,2026-07-03,train,38,2,1,0.0,0,0,1
u-2003,33,2026-07-03,train,8,0,0,0.0,0,0,6
u-2004,33,2026-07-03,train,32,7,0,0.0,0,0,6
u-2005,33,2026-07-03,train,27,4,0,0.0,0,0,4
u-2006,33,2026-07-03,train,22,2,0,0.0,0,0,2
u-2007,33,2026-07-03,train,17,4,0,0.0,1,2,6
u-2008,33,2026-07-03,train,27,7,1,0.0,1,2,5
u-2009,33,2026-07-03,train,30,7,0,0.0,0,0,5
u-2010,33,2026-07-03,train,24,4,0,0.0,0,0,3
u-2011,33,2026-07-03,train,29,6,0,0.0,0,0,7
u-2012,33,2026-07-03,train,20,5,1,0.0,1,0,9
u-2013,33,2026-07-03,train,61,8,0,0.0,0,0,5
u-2014,33,2026-07-03,train,38,6,0,0.0,1,0,8
u-2015,33,2026-07-03,train,33,8,0,0.0,0,1,3
u-2016,33,2026-07-03,train,7,4,1,0.0,0,0,5
u-2017,33,2026-07-03,train,22,10,1,4.8,0,0,1
u-2018,33,2026-07-03,train,14,3,1,0.0,0,0,5
u-2019,33,2026-07-03,train,19,6,1,0.0,0,0,3
u-2020,33,2026-07-03,train,17,4,1,0.0,0,0,4
u-2021,33,2026-07-03,train,18,9,2,0.0,0,0,1
u-2022,33,2026-07-03,train,7,0,0,0.0,0,0,3
u-2023,33,2026-07-03,train,15,3,0,0.0,0,0,2
u-2024,33,2026-07-03,train,15,5,1,0.0,0,2,2
u-2025,33,2026-07-03,train,8,0,1,0.0,0,1,3
u-2026,33,2026-07-03,train,9,0,2,0.0,1,1,6
u-2027,33,2026-07-03,train,17,2,0,0.0,0,0,5
u-2028,33,2026-07-03,train,12,1,0,0.0,0,0,4
u-2029,33,2026-07-03,train,5,1,0,0.0,0,0,3
u-2030,33,2026-07-03,train,14,1,1,0.0,0,0,1
u-2031,33,2026-07-03,train,18,1,0,14.0,0,0,1
u-2032,33,2026-07-03,train,22,3,0,0.0,0,0,2
u-2033,33,2026-07-03,train,14,2,1,4.9,0,0,2
u-2034,33,2026-07-03,train,7,0,0,13.1,0,0,4
u-2035,33,2026-07-03,train,21,10,0,0.0,0,0,7
u-2036,33,2026-07-03,train,17,3,1,0.0,0,0,2
u-2037,33,2026-07-03,train,16,3,1,0.0,0,0,3
u-2038,33,2026-07-03,train,19,5,0,0.0,0,0,3
u-2039,33,2026-07-03,train,31,5,0,0.0,0,0,3
u-2040,33,2026-07-03,train,12,3,1,0.0,1,0,4
u-2041,33,2026-07-03,train,8,0,1,0.0,0,0,7
u-2042,33,2026-07-03,train,22,3,0,0.0,0,1,2
u-2043,33,2026-07-03,train,12,1,0,0.0,0,0,3
u-2044,33,2026-07-03,train,13,2,0,0.0,0,0,4
u-2045,33,2026-07-03,train,19,5,0,0.0,0,0,3
u-2046,33,2026-07-03,train,19,6,1,0.0,0,1,6
u-2047,33,2026-07-03,train,13,3,0,0.0,0,1,4
u-2048,33,2026-07-03,train,17,5,0,0.0,0,0,2
u-2049,33,2026-07-03,train,19,4,0,0.0,0,0,2
u-2050,33,2026-07-03,train,5,4,0,0.0,0,0,1
u-2051,33,2026-07-03,train,33,3,2,0.0,0,0,3
u-2052,33,2026-07-03,train,36,4,3,0.0,0,0,6
u-2053,33,2026-07-03,train,29,3,1,0.0,0,1,10
u-2054,33,2026-07-03,train,26,4,2,0.0,0,1,7
u-2055,33,2026-07-03,train,35,3,1,0.0,0,0,6
u-2056,33,2026-07-03,train,24,3,1,0.0,0,1,1
u-2057,33,2026-07-03,train,13,4,0,0.0,0,0,1
u-2058,33,2026-07-03,train,10,3,0,0.0,0,0,1
u-2059,33,2026-07-03,train,24,7,0,0.0,0,0,3
u-2060,33,2026-07-03,train,16,7,0,0.0,0,0,1
u-2001,34,2026-07-04,train,2,0,0,0.0,0,0,1
u-2002,34,2026-07-04,train,1,0,0,0.0,0,0,4
u-2003,34,2026-07-04,train,2,0,0,0.0,0,0,4
u-2004,34,2026-07-04,train,5,0,0,0.0,0,0,7
u-2005,34,2026-07-04,train,2,1,1,0.0,0,0,2
u-2006,34,2026-07-04,train,2,1,1,0.0,0,0,3
u-2007,34,2026-07-04,train,0,0,0,0.0,0,0,0
u-2008,34,2026-07-04,train,3,1,0,0.0,0,0,1
u-2009,34,2026-07-04,train,4,1,0,0.0,0,0,7
u-2010,34,2026-07-04,train,3,0,1,0.0,0,0,5
u-2011,34,2026-07-04,train,1,0,0,0.0,0,0,6
u-2012,34,2026-07-04,train,2,2,0,0.0,0,0,3
u-2013,34,2026-07-04,train,2,0,1,0.0,0,0,8
u-2014,34,2026-07-04,train,1,1,0,0.0,0,0,3
u-2015,34,2026-07-04,train,1,0,0,0.0,0,0,4
u-2016,34,2026-07-04,train,1,1,0,0.0,0,0,4
u-2017,34,2026-07-04,train,3,0,1,0.0,0,0,3
u-2018,34,2026-07-04,train,3,0,0,0.0,0,0,5
u-2019,34,2026-07-04,train,1,0,0,0.0,0,0,1
u-2020,34,2026-07-04,train,0,0,0,0.0,0,0,0
u-2021,34,2026-07-04,train,0,0,0,0.0,0,0,0
u-2022,34,2026-07-04,train,0,0,0,0.0,0,0,0
u-2023,34,2026-07-04,train,1,0,0,0.0,0,0,4
u-2024,34,2026-07-04,train,2,1,0,0.0,0,0,3
u-2025,34,2026-07-04,train,0,0,0,0.0,0,0,0
u-2026,34,2026-07-04,train,0,0,0,0.0,0,0,0
u-2027,34,2026-07-04,train,1,0,0,0.0,0,0,3
u-2028,34,2026-07-04,train,1,0,1,0.0,0,0,3
u-2029,34,2026-07-04,train,0,0,0,0.0,0,0,0
u-2030,34,2026-07-04,train,0,0,0,0.0,0,0,0
u-2031,34,2026-07-04,train,1,0,0,0.0,0,0,2
u-2032,34,2026-07-04,train,1,0,0,0.0,0,0,2
u-2033,34,2026-07-04,train,1,0,0,0.0,0,0,5
u-2034,34,2026-07-04,train,0,0,0,0.0,0,0,0
u-2035,34,2026-07-04,train,1,1,0,0.0,0,0,5
u-2036,34,2026-07-04,train,3,1,0,0.0,0,0,2
u-2037,34,2026-07-04,train,0,0,0,0.0,0,0,0
u-2038,34,2026-07-04,train,1,0,1,0.0,0,0,6
u-2039,34,2026-07-04,train,2,0,1,0.0,0,0,2
u-2040,34,2026-07-04,train,3,0,1,0.0,0,0,1
u-2041,34,2026-07-04,train,1,0,0,0.0,0,0,6
u-2042,34,2026-07-04,train,2,0,0,0.0,0,0,2
u-2043,34,2026-07-04,train,1,1,0,0.0,0,0,1
u-2044,34,2026-07-04,train,1,0,0,0.0,0,0,4
u-2045,34,2026-07-04,train,0,0,0,0.0,0,0,0
u-2046,34,2026-07-04,train,1,0,0,0.0,0,0,1
u-2047,34,2026-07-04,train,1,0,2,0.0,0,0,5
u-2048,34,2026-07-04,train,3,0,0,0.0,0,0,2
u-2049,34,2026-07-04,train,5,1,0,0.0,0,0,4
u-2050,34,2026-07-04,train,1,0,1,0.0,0,0,3
u-2051,34,2026-07-04,train,5,0,4,0.0,0,0,5
u-2052,34,2026-07-04,train,4,0,1,0.0,0,0,5
u-2053,34,2026-07-04,train,1,0,2,0.0,0,0,4
u-2054,34,2026-07-04,train,3,0,0,0.0,0,0,8
u-2055,34,2026-07-04,train,3,1,1,0.0,0,0,5
u-2056,34,2026-07-04,train,3,0,1,0.0,0,0,3
u-2057,34,2026-07-04,train,3,1,0,0.0,0,0,1
u-2058,34,2026-07-04,train,0,0,0,0.0,0,0,0
u-2059,34,2026-07-04,train,0,0,0,0.0,0,0,0
u-2060,34,2026-07-04,train,1,1,0,0.0,0,0,2
u-2001,35,2026-07-05,train,3,0,1,0.0,0,0,4
u-2002,35,2026-07-05,train,1,0,0,0.0,0,0,1
u-2003,35,2026-07-05,train,1,0,1,0.0,0,0,4
u-2004,35,2026-07-05,train,6,2,0,0.0,0,0,3
u-2005,35,2026-07-05,train,1,0,0,0.0,0,0,4
u-2006,35,2026-07-05,train,1,0,0,0.0,0,0,7
u-2007,35,2026-07-05,train,2,1,0,0.0,0,0,2
u-2008,35,2026-07-05,train,4,0,0,0.0,0,0,1
u-2009,35,2026-07-05,train,1,0,0,0.0,0,1,3
u-2010,35,2026-07-05,train,1,0,0,0.0,0,0,3
u-2011,35,2026-07-05,train,0,0,0,0.0,0,0,0
u-2012,35,2026-07-05,train,3,0,0,0.0,0,0,7
u-2013,35,2026-07-05,train,3,0,0,0.0,0,0,7
u-2014,35,2026-07-05,train,0,0,0,0.0,0,0,0
u-2015,35,2026-07-05,train,3,0,0,0.0,0,0,1
u-2016,35,2026-07-05,train,0,0,0,0.0,0,0,0
u-2017,35,2026-07-05,train,2,0,1,0.0,0,0,5
u-2018,35,2026-07-05,train,1,0,0,0.0,0,0,3
u-2019,35,2026-07-05,train,1,1,1,0.0,0,0,4
u-2020,35,2026-07-05,train,2,0,0,0.0,0,0,3
u-2021,35,2026-07-05,train,2,0,0,0.0,0,0,4
u-2022,35,2026-07-05,train,0,0,1,0.0,0,0,0
u-2023,35,2026-07-05,train,1,0,0,0.0,0,0,5
u-2024,35,2026-07-05,train,1,0,0,0.0,0,0,5
u-2025,35,2026-07-05,train,0,0,2,0.0,0,0,0
u-2026,35,2026-07-05,train,5,1,0,0.0,0,0,3
u-2027,35,2026-07-05,train,2,0,0,0.0,0,0,4
u-2028,35,2026-07-05,train,0,0,0,0.0,0,0,0
u-2029,35,2026-07-05,train,0,0,0,0.0,0,0,0
u-2030,35,2026-07-05,train,2,1,0,0.0,0,0,1
u-2031,35,2026-07-05,train,1,0,1,0.0,0,0,5
u-2032,35,2026-07-05,train,4,2,0,0.0,0,0,3
u-2033,35,2026-07-05,train,3,0,0,0.0,0,0,3
u-2034,35,2026-07-05,train,1,0,0,0.0,0,0,3
u-2035,35,2026-07-05,train,4,2,0,0.0,0,0,2
u-2036,35,2026-07-05,train,4,1,1,0.0,0,0,5
u-2037,35,2026-07-05,train,3,0,0,0.0,0,0,7
u-2038,35,2026-07-05,train,0,0,0,0.0,0,0,0
u-2039,35,2026-07-05,train,1,0,0,38.0,0,0,3
u-2040,35,2026-07-05,train,0,0,0,0.0,0,0,0
u-2041,35,2026-07-05,train,1,0,0,0.0,0,0,7
u-2042,35,2026-07-05,train,2,1,1,0.0,0,0,6
u-2043,35,2026-07-05,train,1,0,0,0.0,0,0,4
u-2044,35,2026-07-05,train,2,0,0,0.0,0,0,2
u-2045,35,2026-07-05,train,3,1,0,0.0,0,0,3
u-2046,35,2026-07-05,train,1,0,0,0.0,0,0,1
u-2047,35,2026-07-05,train,1,0,0,0.0,0,0,1
u-2048,35,2026-07-05,train,0,0,0,0.0,0,0,0
u-2049,35,2026-07-05,train,2,0,0,0.0,0,0,6
u-2050,35,2026-07-05,train,0,0,0,0.0,0,0,0
u-2051,35,2026-07-05,train,3,0,0,0.0,0,0,5
u-2052,35,2026-07-05,train,8,0,1,0.0,0,0,5
u-2053,35,2026-07-05,train,2,0,2,0.0,0,0,4
u-2054,35,2026-07-05,train,3,0,1,0.0,0,0,5
u-2055,35,2026-07-05,train,3,1,1,0.0,0,0,7
u-2056,35,2026-07-05,train,3,1,0,0.0,0,1,4
u-2057,35,2026-07-05,train,1,0,0,0.0,0,0,2
u-2058,35,2026-07-05,train,0,0,0,0.0,0,0,0
u-2059,35,2026-07-05,train,0,0,0,0.0,0,0,0
u-2060,35,2026-07-05,train,1,0,0,0.0,0,0,2
u-2001,36,2026-07-06,train,33,7,2,0.0,0,0,2
u-2002,36,2026-07-06,train,44,11,1,0.0,0,0,4
u-2003,36,2026-07-06,train,17,0,1,0.0,0,0,4
u-2004,36,2026-07-06,train,29,10,1,0.0,0,0,6
u-2005,36,2026-07-06,train,25,6,0,0.0,0,0,4
u-2006,36,2026-07-06,train,15,0,1,0.0,0,0,2
u-2007,36,2026-07-06,train,11,4,1,0.0,0,0,3
u-2008,36,2026-07-06,train,25,7,0,0.0,0,0,5
u-2009,36,2026-07-06,train,30,6,0,0.0,0,0,4
u-2010,36,2026-07-06,train,27,5,1,0.0,0,0,2
u-2011,36,2026-07-06,train,22,5,0,8.2,0,0,4
u-2012,36,2026-07-06,train,22,5,1,0.0,0,2,2
u-2013,36,2026-07-06,train,48,11,0,0.0,0,0,6
u-2014,36,2026-07-06,train,35,7,1,0.0,0,0,2
u-2015,36,2026-07-06,train,24,8,0,0.0,0,1,3
u-2016,36,2026-07-06,train,9,5,0,0.0,0,1,5
u-2017,36,2026-07-06,train,23,4,1,0.0,0,1,1
u-2018,36,2026-07-06,train,15,5,0,0.0,0,0,1
u-2019,36,2026-07-06,train,11,3,0,0.0,0,0,1
u-2020,36,2026-07-06,train,16,5,0,0.0,0,0,2
u-2021,36,2026-07-06,train,15,4,0,0.0,0,0,5
u-2022,36,2026-07-06,train,9,3,0,0.0,0,1,2
u-2023,36,2026-07-06,train,14,0,0,0.0,0,0,1
u-2024,36,2026-07-06,train,20,5,1,0.0,0,0,1
u-2025,36,2026-07-06,train,6,0,0,0.0,0,0,5
u-2026,36,2026-07-06,train,15,0,0,0.0,0,0,2
u-2027,36,2026-07-06,train,12,1,0,0.0,0,0,1
u-2028,36,2026-07-06,train,9,0,1,11.1,0,0,4
u-2029,36,2026-07-06,train,5,1,0,0.0,0,0,3
u-2030,36,2026-07-06,train,14,0,1,0.0,0,0,1
u-2031,36,2026-07-06,train,8,3,1,0.0,0,0,3
u-2032,36,2026-07-06,train,22,4,0,0.0,0,0,4
u-2033,36,2026-07-06,train,13,2,1,0.0,1,0,4
u-2034,36,2026-07-06,train,11,1,0,0.0,0,0,1
u-2035,36,2026-07-06,train,20,6,0,0.0,0,0,4
u-2036,36,2026-07-06,train,18,4,1,0.0,0,0,3
u-2037,36,2026-07-06,train,11,4,1,0.0,0,1,2
u-2038,36,2026-07-06,train,16,3,0,0.0,0,0,2
u-2039,36,2026-07-06,train,23,6,0,0.0,0,0,2
u-2040,36,2026-07-06,train,15,2,0,0.0,0,0,2
u-2041,36,2026-07-06,train,11,2,0,0.0,0,0,3
u-2042,36,2026-07-06,train,32,6,1,0.0,0,0,3
u-2043,36,2026-07-06,train,21,4,0,0.0,0,0,3
u-2044,36,2026-07-06,train,10,4,0,0.0,0,0,5
u-2045,36,2026-07-06,train,18,5,0,3.0,0,0,2
u-2046,36,2026-07-06,train,13,5,0,0.0,0,0,3
u-2047,36,2026-07-06,train,14,1,0,0.0,0,0,3
u-2048,36,2026-07-06,train,24,3,0,0.0,0,0,2
u-2049,36,2026-07-06,train,30,5,0,0.0,0,0,4
u-2050,36,2026-07-06,train,11,2,0,0.0,0,0,2
u-2051,36,2026-07-06,train,22,8,0,0.0,1,1,4
u-2052,36,2026-07-06,train,35,3,1,0.0,0,0,6
u-2053,36,2026-07-06,train,30,1,0,0.0,0,0,5
u-2054,36,2026-07-06,train,33,0,1,0.0,0,1,10
u-2055,36,2026-07-06,train,27,4,0,0.0,0,0,5
u-2056,36,2026-07-06,train,34,2,3,0.0,0,0,8
u-2057,36,2026-07-06,train,23,9,0,6.9,0,0,3
u-2058,36,2026-07-06,train,10,8,0,0.0,0,0,1
u-2059,36,2026-07-06,train,19,10,0,0.0,0,0,2
u-2060,36,2026-07-06,train,6,2,0,0.0,0,0,2
u-2001,37,2026-07-07,train,26,7,0,0.0,0,0,4
u-2002,37,2026-07-07,train,36,4,0,0.0,0,0,2
u-2003,37,2026-07-07,train,11,0,0,0.0,0,0,2
u-2004,37,2026-07-07,train,39,9,1,0.0,1,0,8
u-2005,37,2026-07-07,train,27,6,2,0.0,0,1,2
u-2006,37,2026-07-07,train,24,4,0,0.0,0,0,6
u-2007,37,2026-07-07,train,10,1,1,0.0,0,0,3
u-2008,37,2026-07-07,train,20,4,0,0.0,0,0,1
u-2009,37,2026-07-07,train,29,2,0,0.0,0,1,3
u-2010,37,2026-07-07,train,27,7,0,0.0,0,1,5
u-2011,37,2026-07-07,train,21,8,0,0.0,0,0,3
u-2012,37,2026-07-07,train,23,4,0,0.0,0,0,4
u-2013,37,2026-07-07,train,69,14,0,0.0,0,0,4
u-2014,37,2026-07-07,train,26,3,0,0.0,0,0,3
u-2015,37,2026-07-07,train,25,10,0,0.0,0,0,3
u-2016,37,2026-07-07,train,10,2,1,0.0,0,0,1
u-2017,37,2026-07-07,train,19,8,0,0.0,0,0,1
u-2018,37,2026-07-07,train,13,5,0,0.0,0,0,3
u-2019,37,2026-07-07,train,13,4,1,0.0,0,0,3
u-2020,37,2026-07-07,train,21,3,0,0.0,1,0,4
u-2021,37,2026-07-07,train,12,2,0,0.0,0,0,2
u-2022,37,2026-07-07,train,9,3,1,0.0,0,0,1
u-2023,37,2026-07-07,train,11,1,0,0.0,0,0,3
u-2024,37,2026-07-07,train,11,3,0,0.0,0,0,2
u-2025,37,2026-07-07,train,7,0,0,0.0,0,0,4
u-2026,37,2026-07-07,train,17,1,0,9.2,0,0,5
u-2027,37,2026-07-07,train,12,2,0,0.0,0,0,3
u-2028,37,2026-07-07,train,8,1,1,0.0,0,0,1
u-2029,37,2026-07-07,train,11,1,0,0.0,0,0,2
u-2030,37,2026-07-07,train,16,3,0,0.0,0,1,3
u-2031,37,2026-07-07,train,9,0,1,5.2,0,0,4
u-2032,37,2026-07-07,train,25,6,1,0.0,0,0,3
u-2033,37,2026-07-07,train,14,2,1,0.0,0,0,1
u-2034,37,2026-07-07,train,10,3,1,0.0,1,0,5
u-2035,37,2026-07-07,train,28,9,1,0.0,0,0,4
u-2036,37,2026-07-07,train,19,2,1,0.0,0,0,6
u-2037,37,2026-07-07,train,21,2,0,0.0,0,1,4
u-2038,37,2026-07-07,train,12,4,0,0.0,0,0,5
u-2039,37,2026-07-07,train,33,4,0,0.0,0,0,7
u-2040,37,2026-07-07,train,18,4,2,0.0,0,0,7
u-2041,37,2026-07-07,train,11,3,0,0.0,0,0,5
u-2042,37,2026-07-07,train,21,3,0,0.0,0,0,3
u-2043,37,2026-07-07,train,21,5,0,0.0,0,1,6
u-2044,37,2026-07-07,train,11,1,0,0.0,0,0,3
u-2045,37,2026-07-07,train,13,3,0,0.0,0,1,2
u-2046,37,2026-07-07,train,16,1,1,0.0,0,0,4
u-2047,37,2026-07-07,train,15,3,0,0.0,0,0,2
u-2048,37,2026-07-07,train,9,2,0,0.0,0,0,4
u-2049,37,2026-07-07,train,27,4,1,0.0,0,0,3
u-2050,37,2026-07-07,train,11,4,0,0.0,0,0,5
u-2051,37,2026-07-07,train,42,5,2,0.0,0,0,2
u-2052,37,2026-07-07,train,45,1,1,0.0,0,0,8
u-2053,37,2026-07-07,train,35,1,0,0.0,1,0,3
u-2054,37,2026-07-07,train,25,3,1,0.0,0,0,5
u-2055,37,2026-07-07,train,31,1,1,0.0,0,0,5
u-2056,37,2026-07-07,train,29,3,0,0.0,0,0,6
u-2057,37,2026-07-07,train,16,7,0,0.0,0,0,3
u-2058,37,2026-07-07,train,8,3,0,0.0,0,0,4
u-2059,37,2026-07-07,train,18,7,0,0.0,0,0,2
u-2060,37,2026-07-07,train,5,2,1,0.0,0,0,4
u-2001,38,2026-07-08,train,39,13,0,0.0,1,0,3
u-2002,38,2026-07-08,train,31,4,0,0.0,0,0,5
u-2003,38,2026-07-08,train,16,4,0,0.0,0,0,7
u-2004,38,2026-07-08,train,29,11,0,0.0,0,1,1
u-2005,38,2026-07-08,train,33,4,1,0.0,0,1,2
u-2006,38,2026-07-08,train,24,5,0,0.0,0,1,6
u-2007,38,2026-07-08,train,12,1,0,0.0,1,1,2
u-2008,38,2026-07-08,train,18,2,0,0.0,0,0,2
u-2009,38,2026-07-08,train,25,3,1,0.0,0,0,3
u-2010,38,2026-07-08,train,20,5,0,0.0,0,1,3
u-2011,38,2026-07-08,train,28,8,1,0.0,0,0,4
u-2012,38,2026-07-08,train,24,3,0,0.0,0,1,8
u-2013,38,2026-07-08,train,59,9,0,0.0,0,1,3
u-2014,38,2026-07-08,train,30,4,2,0.0,0,0,8
u-2015,38,2026-07-08,train,28,8,0,0.0,0,0,3
u-2016,38,2026-07-08,train,15,5,0,0.0,0,0,5
u-2017,38,2026-07-08,train,22,7,0,0.0,0,0,4
u-2018,38,2026-07-08,train,13,2,0,0.0,0,0,3
u-2019,38,2026-07-08,train,13,4,0,0.0,0,0,5
u-2020,38,2026-07-08,train,19,2,0,0.0,2,1,3
u-2021,38,2026-07-08,train,13,2,0,0.0,0,0,3
u-2022,38,2026-07-08,train,9,0,0,0.0,0,0,5
u-2023,38,2026-07-08,train,15,2,0,0.0,0,0,4
u-2024,38,2026-07-08,train,15,3,0,0.0,0,0,3
u-2025,38,2026-07-08,train,10,2,0,0.0,0,0,2
u-2026,38,2026-07-08,train,13,0,0,0.0,0,0,3
u-2027,38,2026-07-08,train,8,1,0,0.0,0,1,3
u-2028,38,2026-07-08,train,6,0,1,0.0,0,0,3
u-2029,38,2026-07-08,train,6,1,0,0.0,0,1,3
u-2030,38,2026-07-08,train,15,0,0,0.0,0,0,3
u-2031,38,2026-07-08,train,14,3,0,0.0,0,1,3
u-2032,38,2026-07-08,train,20,0,0,0.0,0,0,3
u-2033,38,2026-07-08,train,16,1,1,0.0,0,0,3
u-2034,38,2026-07-08,train,6,1,0,0.0,0,0,1
u-2035,38,2026-07-08,train,27,7,0,0.0,0,0,5
u-2036,38,2026-07-08,train,15,3,0,0.0,0,0,1
u-2037,38,2026-07-08,train,18,4,0,0.0,0,0,5
u-2038,38,2026-07-08,train,17,3,0,0.0,0,0,7
u-2039,38,2026-07-08,train,20,4,1,0.0,0,1,3
u-2040,38,2026-07-08,train,21,4,0,0.0,0,0,5
u-2041,38,2026-07-08,train,18,6,1,0.0,0,0,4
u-2042,38,2026-07-08,train,28,6,1,0.0,0,0,2
u-2043,38,2026-07-08,train,17,2,0,6.1,0,0,1
u-2044,38,2026-07-08,train,15,6,1,0.0,0,0,4
u-2045,38,2026-07-08,train,10,1,0,0.0,0,0,6
u-2046,38,2026-07-08,train,24,4,0,0.0,0,0,1
u-2047,38,2026-07-08,train,9,3,0,0.0,0,0,1
u-2048,38,2026-07-08,train,20,3,0,0.0,0,0,4
u-2049,38,2026-07-08,train,26,5,0,0.0,0,0,4
u-2050,38,2026-07-08,train,11,5,0,0.0,0,0,1
u-2051,38,2026-07-08,train,28,5,0,0.0,0,0,5
u-2052,38,2026-07-08,train,35,2,1,0.0,0,0,9
u-2053,38,2026-07-08,train,21,1,5,0.0,0,0,5
u-2054,38,2026-07-08,train,27,1,0,0.0,0,0,3
u-2055,38,2026-07-08,train,31,2,1,0.0,0,1,5
u-2056,38,2026-07-08,train,28,0,1,0.0,0,0,7
u-2057,38,2026-07-08,train,21,9,0,0.0,1,0,2
u-2058,38,2026-07-08,train,10,4,0,0.0,0,0,1
u-2059,38,2026-07-08,train,19,8,0,0.0,0,0,2
u-2060,38,2026-07-08,train,4,2,0,0.0,0,0,1
u-2001,39,2026-07-09,train,27,8,1,0.0,0,0,4
u-2002,39,2026-07-09,train,31,3,1,0.0,0,0,2
u-2003,39,2026-07-09,train,14,3,0,0.0,0,0,5
u-2004,39,2026-07-09,train,23,4,0,0.0,0,1,4
u-2005,39,2026-07-09,train,27,0,0,0.0,0,0,5
u-2006,39,2026-07-09,train,16,3,0,0.0,0,1,2
u-2007,39,2026-07-09,train,14,1,1,0.0,0,0,5
u-2008,39,2026-07-09,train,23,9,0,0.0,0,0,4
u-2009,39,2026-07-09,train,35,6,1,0.0,0,0,6
u-2010,39,2026-07-09,train,31,10,1,0.0,0,0,4
u-2011,39,2026-07-09,train,28,3,0,0.0,0,0,3
u-2012,39,2026-07-09,train,24,2,0,0.0,0,1,3
u-2013,39,2026-07-09,train,56,11,0,0.0,0,0,5
u-2014,39,2026-07-09,train,34,8,3,0.0,1,0,9
u-2015,39,2026-07-09,train,21,6,0,9.2,0,0,5
u-2016,39,2026-07-09,train,8,4,0,0.0,0,2,1
u-2017,39,2026-07-09,train,24,4,0,0.0,0,0,4
u-2018,39,2026-07-09,train,8,1,0,0.0,0,0,3
u-2019,39,2026-07-09,train,8,2,0,0.0,0,0,5
u-2020,39,2026-07-09,train,20,5,1,0.0,0,0,2
u-2021,39,2026-07-09,train,14,5,1,0.0,0,0,4
u-2022,39,2026-07-09,train,10,2,2,0.0,0,0,2
u-2023,39,2026-07-09,train,18,0,1,0.0,0,0,5
u-2024,39,2026-07-09,train,18,6,0,0.0,0,0,5
u-2025,39,2026-07-09,train,5,1,0,0.0,0,1,4
u-2026,39,2026-07-09,train,13,2,0,0.0,0,0,2
u-2027,39,2026-07-09,train,10,1,0,0.0,0,0,2
u-2028,39,2026-07-09,train,7,0,0,0.0,0,0,5
u-2029,39,2026-07-09,train,6,2,0,0.0,0,0,2
u-2030,39,2026-07-09,train,5,0,0,0.0,0,1,2
u-2031,39,2026-07-09,train,10,0,0,0.0,0,1,1
u-2032,39,2026-07-09,train,21,1,0,0.0,0,0,3
u-2033,39,2026-07-09,train,15,2,0,2.5,0,0,1
u-2034,39,2026-07-09,train,12,2,0,0.0,0,1,5
u-2035,39,2026-07-09,train,38,6,0,0.0,0,0,4
u-2036,39,2026-07-09,train,14,3,0,0.0,0,0,6
u-2037,39,2026-07-09,train,15,1,0,0.0,0,0,6
u-2038,39,2026-07-09,train,14,0,0,0.0,0,0,1
u-2039,39,2026-07-09,train,30,7,1,0.0,0,0,4
u-2040,39,2026-07-09,train,15,3,0,0.0,0,0,1
u-2041,39,2026-07-09,train,8,1,0,0.0,0,0,2
u-2042,39,2026-07-09,train,26,8,2,0.0,0,0,1
u-2043,39,2026-07-09,train,12,3,0,0.0,0,0,1
u-2044,39,2026-07-09,train,22,3,0,0.0,0,0,6
u-2045,39,2026-07-09,train,16,2,1,0.0,0,0,2
u-2046,39,2026-07-09,train,16,3,0,0.0,0,0,3
u-2047,39,2026-07-09,train,10,4,0,0.0,0,0,2
u-2048,39,2026-07-09,train,14,3,0,0.0,0,0,2
u-2049,39,2026-07-09,train,31,10,0,0.0,0,0,1
u-2050,39,2026-07-09,train,13,2,0,4.9,0,0,3
u-2051,39,2026-07-09,train,31,2,3,0.0,0,1,4
u-2052,39,2026-07-09,train,35,4,3,0.0,0,1,9
u-2053,39,2026-07-09,train,30,4,1,0.0,0,0,6
u-2054,39,2026-07-09,train,28,3,1,0.0,0,1,6
u-2055,39,2026-07-09,train,31,1,1,0.0,0,1,1
u-2056,39,2026-07-09,train,24,4,2,0.0,0,1,6
u-2057,39,2026-07-09,train,15,3,0,0.0,0,0,3
u-2058,39,2026-07-09,train,8,4,0,0.0,0,0,1
u-2059,39,2026-07-09,train,19,10,0,0.0,0,0,3
u-2060,39,2026-07-09,train,11,3,0,0.0,0,0,4
u-2001,40,2026-07-10,train,31,5,0,0.0,0,0,2
u-2002,40,2026-07-10,train,32,3,1,4.4,0,0,4
u-2003,40,2026-07-10,train,14,3,0,0.0,0,0,3
u-2004,40,2026-07-10,train,39,4,0,0.0,0,1,5
u-2005,40,2026-07-10,train,38,3,1,0.0,0,0,4
u-2006,40,2026-07-10,train,22,5,0,0.0,0,0,1
u-2007,40,2026-07-10,train,19,4,0,0.0,0,0,2
u-2008,40,2026-07-10,train,26,3,1,0.0,0,0,5
u-2009,40,2026-07-10,train,25,7,0,0.0,0,0,5
u-2010,40,2026-07-10,train,19,5,0,0.0,0,1,4
u-2011,40,2026-07-10,train,22,3,0,0.0,0,0,6
u-2012,40,2026-07-10,train,29,2,1,0.0,1,1,6
u-2013,40,2026-07-10,train,58,11,0,0.0,0,0,2
u-2014,40,2026-07-10,train,27,4,1,0.0,0,0,2
u-2015,40,2026-07-10,train,27,7,0,0.0,0,0,3
u-2016,40,2026-07-10,train,12,6,0,0.0,0,0,3
u-2017,40,2026-07-10,train,17,4,0,0.0,0,0,3
u-2018,40,2026-07-10,train,14,2,0,0.0,0,0,4
u-2019,40,2026-07-10,train,16,5,1,0.0,0,0,5
u-2020,40,2026-07-10,train,25,8,0,0.0,0,0,2
u-2021,40,2026-07-10,train,13,3,0,0.0,0,0,3
u-2022,40,2026-07-10,train,11,3,1,0.0,0,1,3
u-2023,40,2026-07-10,train,10,2,0,0.0,0,0,1
u-2024,40,2026-07-10,train,16,4,1,0.0,0,0,5
u-2025,40,2026-07-10,train,6,0,0,0.0,0,0,2
u-2026,40,2026-07-10,train,8,0,2,0.0,0,1,3
u-2027,40,2026-07-10,train,9,2,1,0.0,0,0,3
u-2028,40,2026-07-10,train,12,2,0,2.7,0,0,5
u-2029,40,2026-07-10,train,6,0,0,0.0,0,0,2
u-2030,40,2026-07-10,train,17,1,0,0.0,0,0,2
u-2031,40,2026-07-10,train,14,1,0,0.0,0,0,5
u-2032,40,2026-07-10,train,25,3,0,0.0,0,1,4
u-2033,40,2026-07-10,train,15,0,0,0.0,0,0,2
u-2034,40,2026-07-10,train,10,3,0,0.0,0,1,2
u-2035,40,2026-07-10,train,16,1,0,0.0,0,0,4
u-2036,40,2026-07-10,train,17,2,1,0.0,0,0,5
u-2037,40,2026-07-10,train,8,3,1,0.0,0,0,6
u-2038,40,2026-07-10,train,15,2,0,0.0,0,0,7
u-2039,40,2026-07-10,train,17,4,1,23.8,0,0,5
u-2040,40,2026-07-10,train,14,6,0,0.0,0,0,7
u-2041,40,2026-07-10,train,13,8,0,0.0,0,0,1
u-2042,40,2026-07-10,train,19,0,0,0.0,0,0,7
u-2043,40,2026-07-10,train,14,3,0,0.0,0,0,4
u-2044,40,2026-07-10,train,12,4,0,0.0,0,0,5
u-2045,40,2026-07-10,train,21,7,0,0.0,0,0,4
u-2046,40,2026-07-10,train,18,3,0,0.0,0,0,5
u-2047,40,2026-07-10,train,12,2,0,0.0,0,0,2
u-2048,40,2026-07-10,train,12,3,0,0.0,0,0,3
u-2049,40,2026-07-10,train,32,9,0,0.0,0,0,2
u-2050,40,2026-07-10,train,10,5,0,0.0,0,0,1
u-2051,40,2026-07-10,train,27,1,1,0.0,0,1,7
u-2052,40,2026-07-10,train,35,6,4,0.0,0,0,4
u-2053,40,2026-07-10,train,30,2,1,0.0,0,0,5
u-2054,40,2026-07-10,train,20,1,1,0.0,0,1,5
u-2055,40,2026-07-10,train,35,5,1,0.0,0,2,12
u-2056,40,2026-07-10,train,27,2,2,0.0,0,0,2
u-2057,40,2026-07-10,train,18,7,0,0.0,0,0,3
u-2058,40,2026-07-10,train,8,1,0,0.0,0,0,1
u-2059,40,2026-07-10,train,27,9,0,0.0,0,0,1
u-2060,40,2026-07-10,train,7,3,0,0.0,0,0,1
u-2001,41,2026-07-11,train,3,1,1,0.0,0,0,5
u-2002,41,2026-07-11,train,7,2,0,0.0,0,0,3
u-2003,41,2026-07-11,train,1,1,0,0.0,0,0,5
u-2004,41,2026-07-11,train,2,1,1,0.0,0,0,1
u-2005,41,2026-07-11,train,2,1,1,0.0,0,0,3
u-2006,41,2026-07-11,train,1,1,0,0.0,0,0,6
u-2007,41,2026-07-11,train,1,1,1,0.0,0,0,4
u-2008,41,2026-07-11,train,2,1,0,0.0,1,0,6
u-2009,41,2026-07-11,train,4,1,0,0.0,0,0,6
u-2010,41,2026-07-11,train,0,0,0,0.0,0,0,0
u-2011,41,2026-07-11,train,3,0,0,0.0,0,0,3
u-2012,41,2026-07-11,train,2,1,0,0.0,0,0,5
u-2013,41,2026-07-11,train,7,0,0,0.0,0,0,4
u-2014,41,2026-07-11,train,3,1,1,0.0,0,0,3
u-2015,41,2026-07-11,train,3,1,0,0.0,0,0,2
u-2016,41,2026-07-11,train,2,0,1,0.0,0,0,2
u-2017,41,2026-07-11,train,4,1,0,0.0,0,0,2
u-2018,41,2026-07-11,train,0,0,2,0.0,0,0,0
u-2019,41,2026-07-11,train,2,1,0,0.0,0,0,1
u-2020,41,2026-07-11,train,1,1,1,0.0,0,0,4
u-2021,41,2026-07-11,train,1,1,0,0.0,1,0,4
u-2022,41,2026-07-11,train,1,0,0,0.0,0,0,4
u-2023,41,2026-07-11,train,1,0,0,0.0,0,1,3
u-2024,41,2026-07-11,train,1,0,0,0.0,0,0,3
u-2025,41,2026-07-11,train,0,0,0,0.0,0,0,0
u-2026,41,2026-07-11,train,2,0,0,0.0,0,0,4
u-2027,41,2026-07-11,train,0,0,0,0.0,0,1,0
u-2028,41,2026-07-11,train,1,0,1,0.0,0,0,4
u-2029,41,2026-07-11,train,0,0,1,0.0,0,0,0
u-2030,41,2026-07-11,train,0,0,0,0.0,0,0,0
u-2031,41,2026-07-11,train,0,0,0,0.0,0,0,0
u-2032,41,2026-07-11,train,3,1,0,0.0,0,0,3
u-2033,41,2026-07-11,train,0,0,0,0.0,0,0,0
u-2034,41,2026-07-11,train,0,0,0,0.0,0,0,0
u-2035,41,2026-07-11,train,5,1,0,0.0,0,0,7
u-2036,41,2026-07-11,train,2,0,0,0.0,0,0,6
u-2037,41,2026-07-11,train,2,0,0,0.0,0,0,7
u-2038,41,2026-07-11,train,1,0,1,0.0,0,0,1
u-2039,41,2026-07-11,train,3,1,0,0.0,0,0,4
u-2040,41,2026-07-11,train,1,0,0,0.0,0,0,4
u-2041,41,2026-07-11,train,2,0,0,0.0,0,0,4
u-2042,41,2026-07-11,train,2,0,0,0.0,0,0,7
u-2043,41,2026-07-11,train,0,0,0,0.0,0,0,0
u-2044,41,2026-07-11,train,1,1,0,0.0,0,0,4
u-2045,41,2026-07-11,train,0,0,0,0.0,0,0,0
u-2046,41,2026-07-11,train,1,0,0,0.0,0,0,3
u-2047,41,2026-07-11,train,0,0,0,0.0,0,0,0
u-2048,41,2026-07-11,train,3,2,0,0.0,0,0,3
u-2049,41,2026-07-11,train,4,1,1,0.0,0,0,5
u-2050,41,2026-07-11,train,2,1,0,0.0,0,0,5
u-2051,41,2026-07-11,train,0,0,0,0.0,0,0,0
u-2052,41,2026-07-11,train,2,1,1,0.0,0,0,4
u-2053,41,2026-07-11,train,3,0,2,0.0,0,0,5
u-2054,41,2026-07-11,train,5,0,2,0.0,0,0,9
u-2055,41,2026-07-11,train,4,1,0,0.0,0,0,8
u-2056,41,2026-07-11,train,2,0,1,0.0,0,0,6
u-2057,41,2026-07-11,train,2,0,0,0.0,0,0,4
u-2058,41,2026-07-11,train,3,1,1,0.0,0,0,1
u-2059,41,2026-07-11,train,2,1,0,0.0,0,0,2
u-2060,41,2026-07-11,train,3,1,0,0.0,0,0,1
u-2001,42,2026-07-12,train,2,1,0,0.0,0,0,8
u-2002,42,2026-07-12,train,4,1,0,0.0,0,1,3
u-2003,42,2026-07-12,train,1,1,0,0.0,0,0,4
u-2004,42,2026-07-12,train,6,1,0,0.0,0,0,2
u-2005,42,2026-07-12,train,2,0,0,0.0,0,0,4
u-2006,42,2026-07-12,train,0,0,0,0.0,0,0,0
u-2007,42,2026-07-12,train,2,1,0,0.0,0,0,4
u-2008,42,2026-07-12,train,3,0,0,0.0,0,0,4
u-2009,42,2026-07-12,train,1,0,0,0.0,0,0,6
u-2010,42,2026-07-12,train,2,0,1,0.0,0,0,2
u-2011,42,2026-07-12,train,4,1,0,0.0,0,0,5
u-2012,42,2026-07-12,train,4,0,0,0.0,0,0,1
u-2013,42,2026-07-12,train,5,0,0,0.0,0,0,4
u-2014,42,2026-07-12,train,4,0,0,0.0,0,0,5
u-2015,42,2026-07-12,train,4,0,0,0.0,0,0,4
u-2016,42,2026-07-12,train,0,0,1,0.0,0,0,0
u-2017,42,2026-07-12,train,1,0,1,0.0,0,0,4
u-2018,42,2026-07-12,train,1,1,0,0.0,0,0,2
u-2019,42,2026-07-12,train,0,0,0,0.0,0,0,0
u-2020,42,2026-07-12,train,4,1,1,0.0,0,0,1
u-2021,42,2026-07-12,train,4,2,0,0.0,0,0,4
u-2022,42,2026-07-12,train,1,0,1,0.0,0,0,5
u-2023,42,2026-07-12,train,1,0,0,0.0,0,0,4
u-2024,42,2026-07-12,train,0,0,1,0.0,0,0,0
u-2025,42,2026-07-12,train,1,1,0,0.0,0,0,4
u-2026,42,2026-07-12,train,1,0,0,0.0,0,0,5
u-2027,42,2026-07-12,train,0,0,0,0.0,0,0,0
u-2028,42,2026-07-12,train,3,0,0,0.0,0,0,1
u-2029,42,2026-07-12,train,0,0,0,0.0,0,0,0
u-2030,42,2026-07-12,train,2,0,0,0.0,0,0,3
u-2031,42,2026-07-12,train,1,0,0,0.0,0,0,1
u-2032,42,2026-07-12,train,5,0,2,0.0,0,0,2
u-2033,42,2026-07-12,train,0,0,0,0.0,0,0,0
u-2034,42,2026-07-12,train,0,0,1,0.0,0,0,0
u-2035,42,2026-07-12,train,8,0,0,0.0,0,0,6
u-2036,42,2026-07-12,train,3,0,0,0.0,0,0,3
u-2037,42,2026-07-12,train,4,1,0,0.0,0,0,4
u-2038,42,2026-07-12,train,2,2,0,0.0,0,0,1
u-2039,42,2026-07-12,train,1,1,0,0.0,0,0,6
u-2040,42,2026-07-12,train,3,0,0,0.0,0,0,3
u-2041,42,2026-07-12,train,1,0,1,0.0,0,0,3
u-2042,42,2026-07-12,train,2,2,1,0.0,0,0,3
u-2043,42,2026-07-12,train,2,0,0,0.0,0,0,3
u-2044,42,2026-07-12,train,3,1,0,0.0,0,0,4
u-2045,42,2026-07-12,train,3,0,0,0.0,0,0,5
u-2046,42,2026-07-12,train,0,0,1,0.0,0,0,0
u-2047,42,2026-07-12,train,1,0,0,0.0,0,0,4
u-2048,42,2026-07-12,train,0,0,0,0.0,0,0,0
u-2049,42,2026-07-12,train,3,0,0,0.0,0,0,2
u-2050,42,2026-07-12,train,2,0,0,0.0,0,0,3
u-2051,42,2026-07-12,train,3,0,2,0.0,0,0,3
u-2052,42,2026-07-12,train,2,0,0,0.0,0,0,6
u-2053,42,2026-07-12,train,1,1,2,0.0,0,0,11
u-2054,42,2026-07-12,train,4,1,0,0.0,0,0,5
u-2055,42,2026-07-12,train,0,0,1,0.0,0,0,0
u-2056,42,2026-07-12,train,1,1,2,0.0,0,0,8
u-2057,42,2026-07-12,train,3,1,0,0.0,0,0,2
u-2058,42,2026-07-12,train,1,0,0,0.0,0,0,2
u-2059,42,2026-07-12,train,2,2,0,0.0,0,0,1
u-2060,42,2026-07-12,train,0,0,0,0.0,0,0,0
u-2001,43,2026-07-13,train,34,7,1,0.0,0,0,6
u-2002,43,2026-07-13,train,29,3,0,0.0,0,1,3
u-2003,43,2026-07-13,train,10,2,0,0.0,0,0,3
u-2004,43,2026-07-13,train,35,7,0,0.0,0,0,3
u-2005,43,2026-07-13,train,35,6,0,0.0,0,0,3
u-2006,43,2026-07-13,train,24,7,0,0.0,0,1,4
u-2007,43,2026-07-13,train,5,0,1,0.0,0,1,3
u-2008,43,2026-07-13,train,12,4,1,0.0,0,0,5
u-2009,43,2026-07-13,train,32,6,1,0.0,0,0,3
u-2010,43,2026-07-13,train,18,3,1,0.0,0,0,7
u-2011,43,2026-07-13,train,29,5,0,0.0,0,0,4
u-2012,43,2026-07-13,train,22,3,1,0.0,0,0,4
u-2013,43,2026-07-13,train,55,13,0,0.0,0,0,3
u-2014,43,2026-07-13,train,38,10,1,0.0,1,0,7
u-2015,43,2026-07-13,train,21,4,0,0.0,0,0,5
u-2016,43,2026-07-13,train,10,4,0,0.0,0,1,4
u-2017,43,2026-07-13,train,24,8,0,0.0,0,0,3
u-2018,43,2026-07-13,train,14,9,0,0.0,0,0,2
u-2019,43,2026-07-13,train,11,1,1,0.0,0,0,3
u-2020,43,2026-07-13,train,25,9,1,0.0,0,0,2
u-2021,43,2026-07-13,train,19,4,1,0.0,0,0,4
u-2022,43,2026-07-13,train,9,0,0,3.6,0,0,4
u-2023,43,2026-07-13,train,13,2,0,0.0,0,0,1
u-2024,43,2026-07-13,train,19,4,0,0.0,0,0,5
u-2025,43,2026-07-13,train,1,0,0,13.0,0,1,3
u-2026,43,2026-07-13,train,7,1,1,0.0,0,0,5
u-2027,43,2026-07-13,train,7,0,0,4.4,0,1,2
u-2028,43,2026-07-13,train,12,1,1,0.0,0,1,2
u-2029,43,2026-07-13,train,4,1,1,0.0,0,0,3
u-2030,43,2026-07-13,train,15,2,0,0.0,0,1,4
u-2031,43,2026-07-13,train,17,1,0,0.0,0,1,1
u-2032,43,2026-07-13,train,24,3,0,2.1,0,0,1
u-2033,43,2026-07-13,train,23,2,0,8.6,0,0,1
u-2034,43,2026-07-13,train,14,1,0,0.0,1,1,2
u-2035,43,2026-07-13,train,24,5,0,0.0,0,0,5
u-2036,43,2026-07-13,train,13,2,0,0.0,0,1,4
u-2037,43,2026-07-13,train,18,5,0,0.0,0,0,5
u-2038,43,2026-07-13,train,17,5,1,0.0,0,0,3
u-2039,43,2026-07-13,train,23,7,0,0.0,0,0,3
u-2040,43,2026-07-13,train,10,5,1,0.0,0,0,5
u-2041,43,2026-07-13,train,16,2,1,0.0,0,0,5
u-2042,43,2026-07-13,train,15,2,0,0.0,0,2,5
u-2043,43,2026-07-13,train,14,2,0,0.0,0,0,2
u-2044,43,2026-07-13,train,12,5,0,0.0,0,0,3
u-2045,43,2026-07-13,train,10,0,0,0.0,0,0,4
u-2046,43,2026-07-13,train,21,3,0,0.0,0,0,3
u-2047,43,2026-07-13,train,15,4,0,0.0,0,0,4
u-2048,43,2026-07-13,train,19,3,0,0.0,0,0,6
u-2049,43,2026-07-13,train,22,2,0,0.0,0,0,4
u-2050,43,2026-07-13,train,11,1,0,0.0,0,0,1
u-2051,43,2026-07-13,train,29,4,0,0.0,0,0,5
u-2052,43,2026-07-13,train,33,4,1,0.0,0,0,9
u-2053,43,2026-07-13,train,32,2,1,0.0,1,1,5
u-2054,43,2026-07-13,train,42,3,0,0.0,0,0,10
u-2055,43,2026-07-13,train,42,4,1,0.0,0,0,10
u-2056,43,2026-07-13,train,46,6,0,0.0,0,0,12
u-2057,43,2026-07-13,train,16,4,0,0.0,0,0,2
u-2058,43,2026-07-13,train,10,3,0,0.0,0,0,1
u-2059,43,2026-07-13,train,17,5,0,0.0,0,0,1
u-2060,43,2026-07-13,train,9,5,0,0.0,0,0,2
u-2001,44,2026-07-14,train,26,5,0,0.0,0,0,7
u-2002,44,2026-07-14,train,47,7,0,0.0,0,0,4
u-2003,44,2026-07-14,train,10,2,0,0.0,0,0,1
u-2004,44,2026-07-14,train,46,5,0,0.0,0,0,5
u-2005,44,2026-07-14,train,30,3,0,0.0,0,1,1
u-2006,44,2026-07-14,train,17,3,0,0.0,1,0,3
u-2007,44,2026-07-14,train,13,1,0,0.0,1,1,5
u-2008,44,2026-07-14,train,16,4,0,0.0,0,0,4
u-2009,44,2026-07-14,train,31,3,1,0.0,0,1,2
u-2010,44,2026-07-14,train,16,2,0,0.0,0,0,3
u-2011,44,2026-07-14,train,26,6,1,0.0,0,0,4
u-2012,44,2026-07-14,train,26,6,1,0.0,0,0,8
u-2013,44,2026-07-14,train,54,7,1,0.0,0,0,6
u-2014,44,2026-07-14,train,43,9,0,0.0,0,0,2
u-2015,44,2026-07-14,train,26,4,0,0.0,0,0,5
u-2016,44,2026-07-14,train,15,5,0,0.0,0,0,5
u-2017,44,2026-07-14,train,13,2,1,0.0,0,0,1
u-2018,44,2026-07-14,train,12,3,0,3.4,0,1,3
u-2019,44,2026-07-14,train,13,3,0,0.0,0,0,3
u-2020,44,2026-07-14,train,20,2,1,0.0,0,0,5
u-2021,44,2026-07-14,train,13,5,0,0.0,0,0,5
u-2022,44,2026-07-14,train,13,1,0,0.0,0,0,5
u-2023,44,2026-07-14,train,14,2,1,0.0,0,1,1
u-2024,44,2026-07-14,train,18,3,0,0.0,0,0,4
u-2025,44,2026-07-14,train,1,0,0,0.0,1,0,2
u-2026,44,2026-07-14,train,18,1,0,0.0,0,1,2
u-2027,44,2026-07-14,train,6,2,1,0.0,0,0,4
u-2028,44,2026-07-14,train,7,0,0,0.0,0,0,3
u-2029,44,2026-07-14,train,3,1,0,0.0,0,0,2
u-2030,44,2026-07-14,train,11,2,1,0.0,0,0,2
u-2031,44,2026-07-14,train,17,2,0,0.0,0,0,5
u-2032,44,2026-07-14,train,23,7,0,0.0,0,0,2
u-2033,44,2026-07-14,train,15,3,0,0.0,0,1,3
u-2034,44,2026-07-14,train,4,0,2,0.0,0,0,2
u-2035,44,2026-07-14,train,32,8,0,0.0,0,0,6
u-2036,44,2026-07-14,train,20,5,0,0.0,0,0,7
u-2037,44,2026-07-14,train,21,4,0,0.0,0,0,1
u-2038,44,2026-07-14,train,21,4,1,0.0,0,0,1
u-2039,44,2026-07-14,train,27,9,1,0.0,0,0,4
u-2040,44,2026-07-14,train,10,1,3,0.0,0,0,4
u-2041,44,2026-07-14,train,17,5,0,0.0,0,0,7
u-2042,44,2026-07-14,train,26,3,0,0.0,0,0,6
u-2043,44,2026-07-14,train,25,6,0,0.0,0,0,2
u-2044,44,2026-07-14,train,9,5,0,0.0,0,0,2
u-2045,44,2026-07-14,train,17,4,3,0.0,0,0,1
u-2046,44,2026-07-14,train,24,3,0,0.0,0,0,4
u-2047,44,2026-07-14,train,9,1,0,0.0,0,0,4
u-2048,44,2026-07-14,train,22,4,0,0.0,0,0,5
u-2049,44,2026-07-14,train,23,4,0,0.0,0,0,3
u-2050,44,2026-07-14,train,4,0,1,0.0,0,0,6
u-2051,44,2026-07-14,train,33,3,2,0.0,0,0,4
u-2052,44,2026-07-14,train,33,5,1,0.0,0,0,6
u-2053,44,2026-07-14,train,30,1,1,0.0,0,0,5
u-2054,44,2026-07-14,train,24,3,2,0.0,0,1,6
u-2055,44,2026-07-14,train,39,3,1,0.0,0,0,6
u-2056,44,2026-07-14,train,20,2,3,0.0,0,1,9
u-2057,44,2026-07-14,train,11,3,0,0.0,0,0,1
u-2058,44,2026-07-14,train,12,6,0,0.0,0,0,1
u-2059,44,2026-07-14,train,20,7,0,0.0,0,0,3
u-2060,44,2026-07-14,train,7,3,0,0.0,0,0,2
u-2001,45,2026-07-15,train,47,11,0,0.0,0,0,5
u-2002,45,2026-07-15,train,31,5,0,0.0,0,1,4
u-2003,45,2026-07-15,train,8,2,2,0.0,0,2,2
u-2004,45,2026-07-15,train,40,13,1,0.0,0,0,6
u-2005,45,2026-07-15,train,42,3,0,0.0,1,0,7
u-2006,45,2026-07-15,train,28,5,2,0.0,0,0,4
u-2007,45,2026-07-15,train,10,2,1,0.0,0,0,3
u-2008,45,2026-07-15,train,15,2,0,0.0,0,1,1
u-2009,45,2026-07-15,train,41,8,0,0.0,0,0,3
u-2010,45,2026-07-15,train,28,9,1,0.0,0,0,4
u-2011,45,2026-07-15,train,37,5,0,0.0,0,0,7
u-2012,45,2026-07-15,train,19,4,2,0.0,0,0,3
u-2013,45,2026-07-15,train,55,15,1,0.0,0,0,4
u-2014,45,2026-07-15,train,32,6,0,0.0,0,0,8
u-2015,45,2026-07-15,train,30,10,2,0.0,0,0,2
u-2016,45,2026-07-15,train,11,3,0,0.0,0,0,4
u-2017,45,2026-07-15,train,23,8,0,0.0,0,0,1
u-2018,45,2026-07-15,train,13,3,1,4.7,0,0,2
u-2019,45,2026-07-15,train,7,2,1,0.0,0,0,5
u-2020,45,2026-07-15,train,17,2,0,0.0,0,0,5
u-2021,45,2026-07-15,train,18,3,0,0.0,0,0,1
u-2022,45,2026-07-15,train,1,1,0,0.0,0,0,5
u-2023,45,2026-07-15,train,24,5,0,0.0,0,1,4
u-2024,45,2026-07-15,train,10,3,0,0.0,0,0,2
u-2025,45,2026-07-15,train,9,0,0,0.0,0,0,3
u-2026,45,2026-07-15,train,16,1,0,3.2,1,1,4
u-2027,45,2026-07-15,train,11,0,0,0.0,0,0,2
u-2028,45,2026-07-15,train,15,0,1,0.0,0,0,2
u-2029,45,2026-07-15,train,5,3,0,0.0,0,0,4
u-2030,45,2026-07-15,train,17,1,0,0.0,0,1,5
u-2031,45,2026-07-15,train,16,0,1,0.0,0,0,5
u-2032,45,2026-07-15,train,14,1,0,4.8,0,0,2
u-2033,45,2026-07-15,train,21,0,0,2.8,0,0,2
u-2034,45,2026-07-15,train,5,1,0,32.5,0,1,2
u-2035,45,2026-07-15,train,21,2,1,0.0,0,1,3
u-2036,45,2026-07-15,train,14,3,1,0.0,0,0,6
u-2037,45,2026-07-15,train,18,4,1,0.0,0,0,2
u-2038,45,2026-07-15,train,14,4,0,0.0,0,0,2
u-2039,45,2026-07-15,train,31,4,0,0.0,0,1,5
u-2040,45,2026-07-15,train,15,5,1,0.0,0,0,2
u-2041,45,2026-07-15,train,14,2,0,0.0,0,1,5
u-2042,45,2026-07-15,train,16,4,0,9.4,0,1,5
u-2043,45,2026-07-15,train,8,1,0,0.0,0,0,2
u-2044,45,2026-07-15,train,16,8,0,0.0,0,0,5
u-2045,45,2026-07-15,train,19,2,0,0.0,0,0,2
u-2046,45,2026-07-15,train,21,5,0,0.0,0,0,2
u-2047,45,2026-07-15,train,11,1,0,0.0,0,0,2
u-2048,45,2026-07-15,train,20,3,0,0.0,0,0,2
u-2049,45,2026-07-15,train,20,1,0,0.0,0,0,1
u-2050,45,2026-07-15,train,9,0,0,0.0,0,1,2
u-2051,45,2026-07-15,train,35,4,2,0.0,0,1,9
u-2052,45,2026-07-15,train,35,3,1,0.0,1,0,5
u-2053,45,2026-07-15,train,26,1,2,0.0,0,0,12
u-2054,45,2026-07-15,train,24,2,5,0.0,0,0,7
u-2055,45,2026-07-15,train,33,4,1,0.0,0,2,2
u-2056,45,2026-07-15,train,30,5,1,0.0,0,0,4
u-2057,45,2026-07-15,train,18,6,0,0.0,0,0,1
u-2058,45,2026-07-15,train,9,3,1,0.0,0,0,2
u-2059,45,2026-07-15,train,20,7,0,0.0,0,0,1
u-2060,45,2026-07-15,train,5,1,0,0.0,0,0,1
u-2001,46,2026-07-16,train,26,7,0,0.0,0,0,4
u-2002,46,2026-07-16,train,39,5,0,0.0,0,1,4
u-2003,46,2026-07-16,train,13,3,0,0.0,0,0,2
u-2004,46,2026-07-16,train,29,8,1,0.0,0,0,4
u-2005,46,2026-07-16,train,34,5,1,0.0,0,0,8
u-2006,46,2026-07-16,train,26,1,0,0.0,0,1,2
u-2007,46,2026-07-16,train,10,1,0,0.0,0,0,6
u-2008,46,2026-07-16,train,24,4,0,0.0,1,1,6
u-2009,46,2026-07-16,train,28,1,0,0.0,0,0,5
u-2010,46,2026-07-16,train,29,5,0,0.0,0,1,5
u-2011,46,2026-07-16,train,27,3,0,0.0,0,0,6
u-2012,46,2026-07-16,train,23,5,0,0.0,0,2,6
u-2013,46,2026-07-16,train,54,10,0,0.0,0,1,4
u-2014,46,2026-07-16,train,41,6,0,0.0,0,0,1
u-2015,46,2026-07-16,train,35,11,0,0.0,0,0,4
u-2016,46,2026-07-16,train,13,2,0,0.0,0,0,3
u-2017,46,2026-07-16,train,15,6,0,0.0,0,0,3
u-2018,46,2026-07-16,train,8,1,0,0.0,1,1,4
u-2019,46,2026-07-16,train,13,4,1,0.0,0,0,3
u-2020,46,2026-07-16,train,32,8,0,0.0,0,0,5
u-2021,46,2026-07-16,train,8,3,0,0.0,0,0,4
u-2022,46,2026-07-16,train,8,5,0,0.0,0,0,1
u-2023,46,2026-07-16,train,16,1,0,0.0,0,0,1
u-2024,46,2026-07-16,train,17,4,0,0.0,0,0,3
u-2025,46,2026-07-16,train,6,0,0,0.0,0,0,4
u-2026,46,2026-07-16,train,9,1,0,0.0,0,0,2
u-2027,46,2026-07-16,train,11,1,1,0.0,0,0,5
u-2028,46,2026-07-16,train,11,1,1,0.0,0,0,2
u-2029,46,2026-07-16,train,6,0,1,0.0,0,0,2
u-2030,46,2026-07-16,train,10,1,0,0.0,0,0,1
u-2031,46,2026-07-16,train,13,0,0,7.2,0,0,2
u-2032,46,2026-07-16,train,24,2,0,0.0,0,0,1
u-2033,46,2026-07-16,train,12,1,0,0.0,0,0,2
u-2034,46,2026-07-16,train,7,1,0,24.4,0,0,5
u-2035,46,2026-07-16,train,29,6,0,3.3,0,0,4
u-2036,46,2026-07-16,train,18,4,1,0.0,0,0,7
u-2037,46,2026-07-16,train,23,7,0,0.0,0,0,2
u-2038,46,2026-07-16,train,18,7,3,0.0,0,0,6
u-2039,46,2026-07-16,train,26,7,0,0.0,0,1,4
u-2040,46,2026-07-16,train,10,3,0,0.0,0,1,2
u-2041,46,2026-07-16,train,10,4,1,7.9,0,0,2
u-2042,46,2026-07-16,train,24,4,0,0.0,0,0,1
u-2043,46,2026-07-16,train,14,4,0,0.0,0,0,2
u-2044,46,2026-07-16,train,8,0,0,0.0,0,0,4
u-2045,46,2026-07-16,train,23,2,0,0.0,0,0,3
u-2046,46,2026-07-16,train,15,4,2,0.0,0,0,3
u-2047,46,2026-07-16,train,15,3,0,0.0,0,1,2
u-2048,46,2026-07-16,train,15,4,0,0.0,0,0,4
u-2049,46,2026-07-16,train,27,9,0,0.0,0,0,3
u-2050,46,2026-07-16,train,6,2,0,0.0,0,1,2
u-2051,46,2026-07-16,train,39,5,4,0.0,0,1,8
u-2052,46,2026-07-16,train,37,5,2,0.0,0,0,4
u-2053,46,2026-07-16,train,32,3,1,0.0,0,0,3
u-2054,46,2026-07-16,train,35,3,1,0.0,0,0,7
u-2055,46,2026-07-16,train,26,3,2,0.0,1,0,6
u-2056,46,2026-07-16,train,20,2,1,0.0,0,0,4
u-2057,46,2026-07-16,train,13,6,0,0.0,0,0,1
u-2058,46,2026-07-16,train,13,5,0,0.0,0,0,2
u-2059,46,2026-07-16,train,23,13,0,0.0,0,0,3
u-2060,46,2026-07-16,train,7,4,0,0.0,0,0,2
u-2001,47,2026-07-17,train,22,5,1,0.0,0,0,4
u-2002,47,2026-07-17,train,37,3,0,0.0,0,0,2
u-2003,47,2026-07-17,train,16,4,1,0.0,0,0,2
u-2004,47,2026-07-17,train,24,7,1,0.0,0,1,8
u-2005,47,2026-07-17,train,40,4,1,0.0,0,0,4
u-2006,47,2026-07-17,train,21,7,0,0.0,0,0,3
u-2007,47,2026-07-17,train,14,5,1,0.0,0,1,2
u-2008,47,2026-07-17,train,29,4,0,0.0,0,0,3
u-2009,47,2026-07-17,train,23,6,0,0.0,0,1,5
u-2010,47,2026-07-17,train,21,3,0,0.0,0,2,3
u-2011,47,2026-07-17,train,28,6,2,0.0,1,0,7
u-2012,47,2026-07-17,train,19,2,0,0.0,0,0,4
u-2013,47,2026-07-17,train,38,14,0,0.0,0,0,5
u-2014,47,2026-07-17,train,28,3,0,0.0,1,0,5
u-2015,47,2026-07-17,train,23,4,0,0.0,0,0,4
u-2016,47,2026-07-17,train,17,6,0,0.0,0,0,3
u-2017,47,2026-07-17,train,23,8,1,0.0,0,0,2
u-2018,47,2026-07-17,train,6,1,0,0.0,0,0,4
u-2019,47,2026-07-17,train,15,4,0,0.0,0,0,2
u-2020,47,2026-07-17,train,14,4,1,0.0,0,0,4
u-2021,47,2026-07-17,train,9,0,1,0.0,0,0,2
u-2022,47,2026-07-17,train,9,2,0,0.0,0,0,1
u-2023,47,2026-07-17,train,8,0,0,0.0,0,0,1
u-2024,47,2026-07-17,train,7,0,0,7.2,0,0,3
u-2025,47,2026-07-17,train,7,1,0,0.0,0,0,3
u-2026,47,2026-07-17,train,19,1,1,2.3,0,0,3
u-2027,47,2026-07-17,train,9,1,1,0.0,0,0,1
u-2028,47,2026-07-17,train,10,1,2,0.0,0,0,3
u-2029,47,2026-07-17,train,8,2,0,0.0,0,0,2
u-2030,47,2026-07-17,train,16,1,1,0.0,0,0,3
u-2031,47,2026-07-17,train,11,2,1,0.0,0,0,5
u-2032,47,2026-07-17,train,25,1,0,0.0,0,0,5
u-2033,47,2026-07-17,train,11,1,1,0.0,0,0,3
u-2034,47,2026-07-17,train,5,0,0,0.0,0,1,5
u-2035,47,2026-07-17,train,22,8,0,0.0,0,0,5
u-2036,47,2026-07-17,train,23,5,1,5.3,0,0,6
u-2037,47,2026-07-17,train,21,2,0,0.0,0,0,6
u-2038,47,2026-07-17,train,15,4,2,0.0,0,0,2
u-2039,47,2026-07-17,train,19,7,1,0.0,0,0,5
u-2040,47,2026-07-17,train,10,4,1,0.0,0,0,4
u-2041,47,2026-07-17,train,11,4,0,11.9,0,0,5
u-2042,47,2026-07-17,train,24,5,0,0.0,0,0,3
u-2043,47,2026-07-17,train,14,0,0,6.1,0,0,3
u-2044,47,2026-07-17,train,12,3,0,0.0,0,0,1
u-2045,47,2026-07-17,train,14,4,0,0.0,0,0,3
u-2046,47,2026-07-17,train,19,5,0,0.0,0,0,2
u-2047,47,2026-07-17,train,14,0,0,0.0,0,0,1
u-2048,47,2026-07-17,train,12,3,0,0.0,0,0,1
u-2049,47,2026-07-17,train,36,9,0,0.0,0,0,2
u-2050,47,2026-07-17,train,12,3,0,0.0,0,2,5
u-2051,47,2026-07-17,train,31,7,0,0.0,0,0,7
u-2052,47,2026-07-17,train,32,2,3,0.0,0,1,6
u-2053,47,2026-07-17,train,29,0,4,0.0,0,1,7
u-2054,47,2026-07-17,train,23,2,0,4.8,0,0,5
u-2055,47,2026-07-17,train,43,5,1,0.0,0,0,1
u-2056,47,2026-07-17,train,27,3,2,0.0,0,0,5
u-2057,47,2026-07-17,train,14,3,0,0.0,0,0,1
u-2058,47,2026-07-17,train,8,2,0,0.0,0,0,1
u-2059,47,2026-07-17,train,19,7,0,0.0,0,0,4
u-2060,47,2026-07-17,train,7,2,0,2.2,0,1,3
u-2001,48,2026-07-18,train,1,0,1,0.0,0,0,6
u-2002,48,2026-07-18,train,3,0,0,0.0,0,0,6
u-2003,48,2026-07-18,train,0,0,0,0.0,0,0,0
u-2004,48,2026-07-18,train,6,1,0,0.0,0,0,5
u-2005,48,2026-07-18,train,3,0,0,0.0,0,0,2
u-2006,48,2026-07-18,train,1,0,0,0.0,0,0,8
u-2007,48,2026-07-18,train,1,0,0,0.0,0,0,1
u-2008,48,2026-07-18,train,5,1,0,0.0,0,0,2
u-2009,48,2026-07-18,train,2,0,0,0.0,0,0,3
u-2010,48,2026-07-18,train,1,0,0,0.0,0,0,5
u-2011,48,2026-07-18,train,2,0,0,0.0,0,0,5
u-2012,48,2026-07-18,train,0,0,0,0.0,0,0,0
u-2013,48,2026-07-18,train,5,0,0,0.0,0,0,3
u-2014,48,2026-07-18,train,4,1,1,0.0,0,0,5
u-2015,48,2026-07-18,train,3,1,0,0.0,0,0,4
u-2016,48,2026-07-18,train,1,0,0,0.0,0,0,2
u-2017,48,2026-07-18,train,0,0,0,0.0,0,0,0
u-2018,48,2026-07-18,train,0,0,1,0.0,0,0,0
u-2019,48,2026-07-18,train,1,0,1,0.0,0,0,3
u-2020,48,2026-07-18,train,1,0,1,0.0,0,0,5
u-2021,48,2026-07-18,train,2,0,0,0.0,0,0,3
u-2022,48,2026-07-18,train,0,0,0,0.0,0,0,0
u-2023,48,2026-07-18,train,1,0,0,0.0,0,0,5
u-2024,48,2026-07-18,train,0,0,0,0.0,0,0,0
u-2025,48,2026-07-18,train,0,0,0,0.0,0,0,0
u-2026,48,2026-07-18,train,1,0,0,0.0,0,0,2
u-2027,48,2026-07-18,train,1,0,0,0.0,0,0,4
u-2028,48,2026-07-18,train,1,0,0,0.0,0,0,3
u-2029,48,2026-07-18,train,0,0,0,0.0,0,0,0
u-2030,48,2026-07-18,train,2,0,0,0.0,0,0,5
u-2031,48,2026-07-18,train,1,1,0,0.0,0,0,2
u-2032,48,2026-07-18,train,3,1,0,2.1,0,0,4
u-2033,48,2026-07-18,train,2,0,0,0.0,0,0,2
u-2034,48,2026-07-18,train,1,0,0,0.0,0,0,2
u-2035,48,2026-07-18,train,1,0,0,0.0,0,0,3
u-2036,48,2026-07-18,train,1,1,0,0.0,0,0,5
u-2037,48,2026-07-18,train,1,0,0,0.0,0,0,3
u-2038,48,2026-07-18,train,1,0,1,0.0,0,0,3
u-2039,48,2026-07-18,train,1,0,1,0.0,0,0,5
u-2040,48,2026-07-18,train,0,0,0,0.0,0,0,0
u-2041,48,2026-07-18,train,0,0,1,0.0,0,0,0
u-2042,48,2026-07-18,train,3,1,1,0.0,0,0,4
u-2043,48,2026-07-18,train,3,1,0,0.0,0,0,1
u-2044,48,2026-07-18,train,1,1,0,0.0,0,0,3
u-2045,48,2026-07-18,train,0,0,0,0.0,0,0,0
u-2046,48,2026-07-18,train,1,1,0,0.0,0,0,2
u-2047,48,2026-07-18,train,1,0,1,0.0,0,0,5
u-2048,48,2026-07-18,train,0,0,0,0.0,0,0,0
u-2049,48,2026-07-18,train,2,1,0,0.0,0,0,5
u-2050,48,2026-07-18,train,2,1,0,0.0,0,0,3
u-2051,48,2026-07-18,train,2,1,1,0.0,0,0,4
u-2052,48,2026-07-18,train,1,0,0,0.0,0,0,5
u-2053,48,2026-07-18,train,3,0,0,0.0,0,0,6
u-2054,48,2026-07-18,train,2,0,0,0.0,0,0,4
u-2055,48,2026-07-18,train,4,1,0,0.0,0,0,6
u-2056,48,2026-07-18,train,1,0,1,0.0,0,0,4
u-2057,48,2026-07-18,train,1,0,0,0.0,0,0,4
u-2058,48,2026-07-18,train,1,0,0,0.0,0,0,1
u-2059,48,2026-07-18,train,2,2,1,0.0,0,0,1
u-2060,48,2026-07-18,train,0,0,0,0.0,0,0,0
u-2001,49,2026-07-19,train,2,0,0,0.0,0,0,6
u-2002,49,2026-07-19,train,4,0,1,0.0,0,0,5
u-2003,49,2026-07-19,train,0,0,0,0.0,0,0,0
u-2004,49,2026-07-19,train,4,0,0,0.0,0,0,7
u-2005,49,2026-07-19,train,3,0,0,0.0,0,0,5
u-2006,49,2026-07-19,train,1,0,0,0.0,0,0,3
u-2007,49,2026-07-19,train,3,0,0,0.0,0,0,2
u-2008,49,2026-07-19,train,2,0,0,0.0,0,0,6
u-2009,49,2026-07-19,train,3,0,1,0.0,0,1,3
u-2010,49,2026-07-19,train,5,2,0,0.0,0,0,6
u-2011,49,2026-07-19,train,2,0,0,0.0,0,0,5
u-2012,49,2026-07-19,train,2,0,0,0.0,0,0,6
u-2013,49,2026-07-19,train,6,1,0,0.0,0,0,7
u-2014,49,2026-07-19,train,4,1,0,0.0,0,0,2
u-2015,49,2026-07-19,train,6,3,0,0.0,0,0,2
u-2016,49,2026-07-19,train,2,1,1,0.0,0,0,2
u-2017,49,2026-07-19,train,4,1,0,0.0,0,0,2
u-2018,49,2026-07-19,train,0,0,0,0.0,0,0,0
u-2019,49,2026-07-19,train,1,1,0,0.0,0,0,3
u-2020,49,2026-07-19,train,3,0,0,0.0,0,0,2
u-2021,49,2026-07-19,train,2,1,0,0.0,0,0,3
u-2022,49,2026-07-19,train,0,0,0,0.0,0,0,0
u-2023,49,2026-07-19,train,2,0,0,5.4,0,0,4
u-2024,49,2026-07-19,train,2,1,0,0.0,0,0,3
u-2025,49,2026-07-19,train,0,0,0,0.0,0,1,0
u-2026,49,2026-07-19,train,0,0,0,0.0,0,0,0
u-2027,49,2026-07-19,train,1,0,1,0.0,0,0,2
u-2028,49,2026-07-19,train,1,1,0,0.0,0,0,5
u-2029,49,2026-07-19,train,3,0,0,0.0,0,0,3
u-2030,49,2026-07-19,train,1,1,0,0.0,0,0,1
u-2031,49,2026-07-19,train,1,0,0,0.0,0,0,4
u-2032,49,2026-07-19,train,3,0,0,0.0,0,0,2
u-2033,49,2026-07-19,train,1,0,0,2.2,0,0,1
u-2034,49,2026-07-19,train,2,0,0,0.0,0,0,1
u-2035,49,2026-07-19,train,6,0,0,0.0,0,0,4
u-2036,49,2026-07-19,train,2,0,0,0.0,0,0,1
u-2037,49,2026-07-19,train,1,1,0,0.0,0,0,3
u-2038,49,2026-07-19,train,0,0,0,0.0,0,0,0
u-2039,49,2026-07-19,train,2,1,1,0.0,0,1,3
u-2040,49,2026-07-19,train,2,1,1,0.0,0,0,7
u-2041,49,2026-07-19,train,0,0,0,0.0,0,0,0
u-2042,49,2026-07-19,train,2,0,1,0.0,0,0,6
u-2043,49,2026-07-19,train,0,0,0,0.0,0,0,0
u-2044,49,2026-07-19,train,1,0,0,0.0,0,0,6
u-2045,49,2026-07-19,train,2,0,0,0.0,0,0,2
u-2046,49,2026-07-19,train,3,1,0,0.0,0,0,4
u-2047,49,2026-07-19,train,2,0,0,0.0,0,0,2
u-2048,49,2026-07-19,train,1,0,0,0.0,0,0,1
u-2049,49,2026-07-19,train,1,0,0,0.0,0,0,6
u-2050,49,2026-07-19,train,0,0,0,0.0,0,0,0
u-2051,49,2026-07-19,train,2,0,0,0.0,0,1,9
u-2052,49,2026-07-19,train,2,0,1,0.0,0,0,8
u-2053,49,2026-07-19,train,0,0,2,0.0,0,0,0
u-2054,49,2026-07-19,train,3,0,0,0.0,0,0,2
u-2055,49,2026-07-19,train,2,0,0,0.0,0,0,5
u-2056,49,2026-07-19,train,2,0,2,0.0,0,0,7
u-2057,49,2026-07-19,train,3,3,0,0.0,0,0,2
u-2058,49,2026-07-19,train,0,0,0,0.0,0,0,0
u-2059,49,2026-07-19,train,0,0,0,0.0,0,0,0
u-2060,49,2026-07-19,train,1,0,0,0.0,0,0,3
u-2001,50,2026-07-20,train,27,10,1,0.0,0,0,7
u-2002,50,2026-07-20,train,35,3,1,0.0,0,1,6
u-2003,50,2026-07-20,train,8,0,0,0.0,0,0,6
u-2004,50,2026-07-20,train,29,7,0,0.0,0,0,3
u-2005,50,2026-07-20,train,29,1,0,0.0,0,1,2
u-2006,50,2026-07-20,train,22,3,1,0.0,0,0,8
u-2007,50,2026-07-20,train,10,4,0,0.0,0,0,3
u-2008,50,2026-07-20,train,24,4,0,0.0,0,0,8
u-2009,50,2026-07-20,train,26,1,0,0.0,0,0,2
u-2010,50,2026-07-20,train,21,4,0,0.0,0,0,8
u-2011,50,2026-07-20,train,23,1,1,0.0,0,0,5
u-2012,50,2026-07-20,train,24,8,1,0.0,0,0,2
u-2013,50,2026-07-20,train,59,12,1,0.0,0,0,6
u-2014,50,2026-07-20,train,32,6,0,0.0,0,0,5
u-2015,50,2026-07-20,train,30,7,2,0.0,0,0,2
u-2016,50,2026-07-20,train,14,7,0,0.0,0,0,2
u-2017,50,2026-07-20,train,24,7,0,3.0,0,0,1
u-2018,50,2026-07-20,train,14,3,2,0.0,0,0,3
u-2019,50,2026-07-20,train,5,1,0,0.0,0,0,3
u-2020,50,2026-07-20,train,17,3,0,0.0,0,1,2
u-2021,50,2026-07-20,train,12,4,0,1.2,0,0,2
u-2022,50,2026-07-20,train,15,4,0,0.0,0,1,3
u-2023,50,2026-07-20,train,17,3,1,0.0,0,0,4
u-2024,50,2026-07-20,train,19,5,0,0.0,0,0,3
u-2025,50,2026-07-20,train,10,3,1,0.0,0,0,1
u-2026,50,2026-07-20,train,14,2,1,0.0,0,0,4
u-2027,50,2026-07-20,train,11,2,1,2.1,0,0,5
u-2028,50,2026-07-20,train,5,0,0,0.0,1,0,2
u-2029,50,2026-07-20,train,4,0,0,0.0,1,0,4
u-2030,50,2026-07-20,train,12,1,0,0.0,0,0,2
u-2031,50,2026-07-20,train,10,0,1,0.0,0,0,2
u-2032,50,2026-07-20,train,20,3,0,0.0,0,0,2
u-2033,50,2026-07-20,train,18,2,1,12.4,0,0,1
u-2034,50,2026-07-20,train,7,0,0,0.0,0,0,4
u-2035,50,2026-07-20,train,30,6,0,0.0,0,0,2
u-2036,50,2026-07-20,train,11,1,0,0.0,0,2,7
u-2037,50,2026-07-20,train,19,2,3,0.0,0,0,6
u-2038,50,2026-07-20,train,19,4,1,0.0,0,0,3
u-2039,50,2026-07-20,train,31,4,1,6.0,0,0,4
u-2040,50,2026-07-20,train,12,1,1,0.0,0,0,5
u-2041,50,2026-07-20,train,12,0,1,0.0,0,1,6
u-2042,50,2026-07-20,train,23,6,0,0.0,0,0,3
u-2043,50,2026-07-20,train,18,5,0,0.0,0,1,4
u-2044,50,2026-07-20,train,14,3,1,0.8,1,0,4
u-2045,50,2026-07-20,train,13,2,0,0.0,0,0,4
u-2046,50,2026-07-20,train,16,2,0,0.0,0,0,2
u-2047,50,2026-07-20,train,11,0,0,0.0,0,0,3
u-2048,50,2026-07-20,train,25,5,0,0.0,0,0,4
u-2049,50,2026-07-20,train,31,8,0,0.0,0,0,6
u-2050,50,2026-07-20,train,14,3,0,0.0,0,0,2
u-2051,50,2026-07-20,train,45,8,3,0.0,0,0,8
u-2052,50,2026-07-20,train,38,4,1,0.0,0,1,6
u-2053,50,2026-07-20,train,33,7,0,0.0,0,0,7
u-2054,50,2026-07-20,train,29,5,2,0.0,1,0,6
u-2055,50,2026-07-20,train,37,2,2,0.0,0,0,9
u-2056,50,2026-07-20,train,23,1,2,0.0,0,0,6
u-2057,50,2026-07-20,train,14,7,0,0.0,0,0,4
u-2058,50,2026-07-20,train,7,1,0,0.0,0,1,3
u-2059,50,2026-07-20,train,21,8,0,0.0,0,0,2
u-2060,50,2026-07-20,train,8,3,0,0.0,0,1,1
u-2001,51,2026-07-21,train,34,6,0,0.0,0,1,3
u-2002,51,2026-07-21,train,39,6,1,0.0,0,0,5
u-2003,51,2026-07-21,train,14,4,0,0.0,0,0,1
u-2004,51,2026-07-21,train,39,8,0,0.0,0,0,5
u-2005,51,2026-07-21,train,37,5,0,0.0,1,0,4
u-2006,51,2026-07-21,train,31,3,0,0.0,0,0,5
u-2007,51,2026-07-21,train,18,3,0,0.0,0,0,3
u-2008,51,2026-07-21,train,23,8,0,0.0,0,0,3
u-2009,51,2026-07-21,train,40,12,0,0.0,0,0,2
u-2010,51,2026-07-21,train,30,6,1,0.0,0,0,6
u-2011,51,2026-07-21,train,33,9,0,0.0,0,0,8
u-2012,51,2026-07-21,train,28,8,0,0.0,0,0,3
u-2013,51,2026-07-21,train,47,5,0,0.0,0,0,6
u-2014,51,2026-07-21,train,26,7,0,0.0,1,0,6
u-2015,51,2026-07-21,train,38,6,0,0.0,0,0,1
u-2016,51,2026-07-21,train,19,5,0,0.0,0,0,5
u-2017,51,2026-07-21,train,18,3,1,0.0,0,0,5
u-2018,51,2026-07-21,train,15,5,1,0.0,0,0,5
u-2019,51,2026-07-21,train,7,1,1,3.5,0,1,2
u-2020,51,2026-07-21,train,20,7,1,0.0,0,0,1
u-2021,51,2026-07-21,train,5,1,1,0.0,0,1,3
u-2022,51,2026-07-21,train,8,1,0,0.0,0,0,5
u-2023,51,2026-07-21,train,8,0,1,0.0,0,0,1
u-2024,51,2026-07-21,train,16,5,0,0.0,0,0,3
u-2025,51,2026-07-21,train,9,1,1,0.0,0,0,4
u-2026,51,2026-07-21,train,16,2,0,8.7,0,0,1
u-2027,51,2026-07-21,train,6,1,0,12.5,0,0,4
u-2028,51,2026-07-21,train,13,1,0,0.0,0,0,2
u-2029,51,2026-07-21,train,8,2,2,0.0,0,0,5
u-2030,51,2026-07-21,train,14,0,0,0.0,0,0,5
u-2031,51,2026-07-21,train,16,4,0,0.0,0,0,4
u-2032,51,2026-07-21,train,19,0,1,0.0,0,0,4
u-2033,51,2026-07-21,train,20,2,0,0.0,0,0,4
u-2034,51,2026-07-21,train,5,0,0,0.0,0,0,2
u-2035,51,2026-07-21,train,21,3,0,0.0,0,0,1
u-2036,51,2026-07-21,train,13,3,0,0.0,1,0,7
u-2037,51,2026-07-21,train,18,1,0,0.0,0,0,5
u-2038,51,2026-07-21,train,15,7,0,0.0,0,0,6
u-2039,51,2026-07-21,train,29,6,1,0.0,0,0,3
u-2040,51,2026-07-21,train,11,2,0,0.0,1,0,3
u-2041,51,2026-07-21,train,6,1,3,0.0,0,0,5
u-2042,51,2026-07-21,train,24,6,0,0.0,0,1,3
u-2043,51,2026-07-21,train,17,7,0,0.0,0,0,2
u-2044,51,2026-07-21,train,8,4,1,0.0,0,0,5
u-2045,51,2026-07-21,train,17,3,0,0.0,0,0,5
u-2046,51,2026-07-21,train,20,3,0,0.0,0,0,3
u-2047,51,2026-07-21,train,20,2,0,0.0,0,0,1
u-2048,51,2026-07-21,train,17,3,0,0.0,0,0,4
u-2049,51,2026-07-21,train,33,10,0,0.0,0,0,2
u-2050,51,2026-07-21,train,14,3,1,0.0,0,1,1
u-2051,51,2026-07-21,train,19,1,2,0.0,1,0,8
u-2052,51,2026-07-21,train,31,1,2,0.0,0,0,3
u-2053,51,2026-07-21,train,31,4,0,0.0,0,1,4
u-2054,51,2026-07-21,train,30,3,2,0.0,0,0,7
u-2055,51,2026-07-21,train,39,1,2,0.0,0,0,8
u-2056,51,2026-07-21,train,17,0,3,0.0,1,1,8
u-2057,51,2026-07-21,train,12,2,0,0.0,0,0,1
u-2058,51,2026-07-21,train,10,4,0,0.0,0,1,3
u-2059,51,2026-07-21,train,17,7,0,0.0,0,0,2
u-2060,51,2026-07-21,train,8,1,0,0.0,0,0,2
u-2001,52,2026-07-22,train,29,5,0,0.0,1,0,7
u-2002,52,2026-07-22,train,25,1,0,0.0,0,0,3
u-2003,52,2026-07-22,train,17,3,0,0.0,0,0,3
u-2004,52,2026-07-22,train,46,9,0,0.0,0,0,3
u-2005,52,2026-07-22,train,25,5,0,0.0,0,0,1
u-2006,52,2026-07-22,train,26,5,0,0.0,0,1,5
u-2007,52,2026-07-22,train,14,5,0,0.0,0,0,3
u-2008,52,2026-07-22,train,25,7,1,0.0,0,0,5
u-2009,52,2026-07-22,train,29,4,0,0.0,0,0,6
u-2010,52,2026-07-22,train,15,2,0,0.0,0,0,6
u-2011,52,2026-07-22,train,31,7,0,0.0,0,0,6
u-2012,52,2026-07-22,train,28,2,1,0.0,0,0,2
u-2013,52,2026-07-22,train,75,18,0,0.0,0,0,2
u-2014,52,2026-07-22,train,46,8,0,0.0,0,0,8
u-2015,52,2026-07-22,train,27,6,1,0.0,0,1,2
u-2016,52,2026-07-22,train,14,9,0,0.0,0,0,3
u-2017,52,2026-07-22,train,17,7,0,0.0,0,0,2
u-2018,52,2026-07-22,train,17,2,0,0.0,0,0,1
u-2019,52,2026-07-22,train,8,3,1,0.0,0,0,4
u-2020,52,2026-07-22,train,32,13,0,0.0,0,0,4
u-2021,52,2026-07-22,train,6,2,0,0.0,0,0,1
u-2022,52,2026-07-22,train,9,3,0,0.0,0,0,3
u-2023,52,2026-07-22,train,8,1,1,0.0,0,0,1
u-2024,52,2026-07-22,train,20,2,0,0.0,0,0,5
u-2025,52,2026-07-22,train,8,1,0,0.0,0,0,4
u-2026,52,2026-07-22,train,12,0,0,0.0,0,0,1
u-2027,52,2026-07-22,train,6,1,0,0.0,0,0,2
u-2028,52,2026-07-22,train,7,0,0,0.0,0,0,5
u-2029,52,2026-07-22,train,10,2,0,0.0,0,0,1
u-2030,52,2026-07-22,train,17,0,0,0.0,0,0,2
u-2031,52,2026-07-22,train,9,2,0,0.0,0,0,2
u-2032,52,2026-07-22,train,15,1,1,0.0,0,0,3
u-2033,52,2026-07-22,train,13,0,0,0.0,0,0,5
u-2034,52,2026-07-22,train,8,0,0,0.0,0,0,2
u-2035,52,2026-07-22,train,20,8,0,0.0,0,0,3
u-2036,52,2026-07-22,train,20,3,0,0.0,1,0,7
u-2037,52,2026-07-22,train,10,2,0,0.0,0,1,4
u-2038,52,2026-07-22,train,23,5,0,0.0,0,0,2
u-2039,52,2026-07-22,train,28,5,1,0.0,0,1,1
u-2040,52,2026-07-22,train,10,0,2,0.0,0,0,5
u-2041,52,2026-07-22,train,12,6,0,0.0,0,0,5
u-2042,52,2026-07-22,train,23,3,0,0.0,0,0,6
u-2043,52,2026-07-22,train,10,2,0,0.0,0,0,1
u-2044,52,2026-07-22,train,10,4,0,0.0,0,1,2
u-2045,52,2026-07-22,train,16,4,1,0.0,0,0,3
u-2046,52,2026-07-22,train,20,2,0,0.0,0,0,5
u-2047,52,2026-07-22,train,28,7,1,0.0,0,0,5
u-2048,52,2026-07-22,train,12,1,0,0.0,0,1,4
u-2049,52,2026-07-22,train,35,6,0,0.0,0,0,3
u-2050,52,2026-07-22,train,10,3,1,0.0,0,0,1
u-2051,52,2026-07-22,train,34,0,1,0.0,0,1,6
u-2052,52,2026-07-22,train,39,4,0,0.0,0,0,5
u-2053,52,2026-07-22,train,25,2,1,0.0,0,1,8
u-2054,52,2026-07-22,train,21,1,1,0.0,0,1,8
u-2055,52,2026-07-22,train,29,3,2,0.0,0,0,8
u-2056,52,2026-07-22,train,25,2,1,0.0,0,0,4
u-2057,52,2026-07-22,train,19,10,0,0.0,0,0,3
u-2058,52,2026-07-22,train,6,3,0,0.0,0,0,2
u-2059,52,2026-07-22,train,19,6,0,0.0,0,0,3
u-2060,52,2026-07-22,train,5,2,1,0.0,0,1,2
u-2001,53,2026-07-23,train,37,5,0,0.0,0,0,6
u-2002,53,2026-07-23,train,24,3,0,0.0,0,0,2
u-2003,53,2026-07-23,train,15,0,2,15.4,0,0,3
u-2004,53,2026-07-23,train,31,12,0,0.0,0,0,4
u-2005,53,2026-07-23,train,32,4,1,0.0,0,0,1
u-2006,53,2026-07-23,train,25,5,3,0.0,0,2,5
u-2007,53,2026-07-23,train,17,4,0,0.0,0,1,7
u-2008,53,2026-07-23,train,17,6,2,0.0,0,1,3
u-2009,53,2026-07-23,train,38,8,0,0.0,1,0,6
u-2010,53,2026-07-23,train,26,8,0,0.0,0,0,2
u-2011,53,2026-07-23,train,24,6,1,0.0,0,0,7
u-2012,53,2026-07-23,train,23,3,0,0.0,0,0,7
u-2013,53,2026-07-23,train,57,11,0,0.0,0,0,8
u-2014,53,2026-07-23,train,37,2,1,0.0,1,0,9
u-2015,53,2026-07-23,train,22,5,0,0.0,0,0,1
u-2016,53,2026-07-23,train,11,4,0,0.0,0,0,4
u-2017,53,2026-07-23,train,23,7,0,0.0,0,0,1
u-2018,53,2026-07-23,train,9,4,1,0.0,0,0,1
u-2019,53,2026-07-23,train,15,4,0,0.0,0,0,3
u-2020,53,2026-07-23,train,18,5,0,0.0,0,0,2
u-2021,53,2026-07-23,train,10,3,0,0.0,0,0,3
u-2022,53,2026-07-23,train,8,2,0,0.0,0,0,2
u-2023,53,2026-07-23,train,18,5,0,0.0,0,0,1
u-2024,53,2026-07-23,train,12,0,2,0.0,0,0,2
u-2025,53,2026-07-23,train,6,2,1,0.0,0,1,1
u-2026,53,2026-07-23,train,7,2,0,0.0,0,0,5
u-2027,53,2026-07-23,train,2,0,2,0.0,1,0,6
u-2028,53,2026-07-23,train,4,0,1,9.4,0,1,3
u-2029,53,2026-07-23,train,6,1,2,36.6,0,3,3
u-2030,53,2026-07-23,train,13,2,0,0.0,1,0,5
u-2031,53,2026-07-23,train,13,0,0,0.0,0,0,3
u-2032,53,2026-07-23,train,26,9,0,9.6,0,0,4
u-2033,53,2026-07-23,train,12,2,0,0.0,0,0,1
u-2034,53,2026-07-23,train,9,1,1,0.0,1,0,6
u-2035,53,2026-07-23,train,25,3,0,0.0,0,0,6
u-2036,53,2026-07-23,train,16,3,2,0.0,0,0,4
u-2037,53,2026-07-23,train,16,3,1,0.0,1,0,4
u-2038,53,2026-07-23,train,13,4,0,0.0,0,0,7
u-2039,53,2026-07-23,train,15,3,0,0.0,0,0,4
u-2040,53,2026-07-23,train,11,0,1,0.0,0,1,4
u-2041,53,2026-07-23,train,15,3,0,0.0,0,0,7
u-2042,53,2026-07-23,train,29,3,0,0.0,0,1,5
u-2043,53,2026-07-23,train,11,1,0,0.0,0,0,5
u-2044,53,2026-07-23,train,10,2,0,0.0,0,0,2
u-2045,53,2026-07-23,train,20,4,0,0.0,0,0,4
u-2046,53,2026-07-23,train,15,5,0,0.0,0,0,4
u-2047,53,2026-07-23,train,14,3,0,0.0,0,0,2
u-2048,53,2026-07-23,train,16,2,1,0.0,0,0,1
u-2049,53,2026-07-23,train,28,5,0,0.0,0,0,5
u-2050,53,2026-07-23,train,6,2,0,0.0,0,0,3
u-2051,53,2026-07-23,train,37,4,3,0.0,0,2,2
u-2052,53,2026-07-23,train,45,3,0,0.0,0,0,7
u-2053,53,2026-07-23,train,24,1,3,0.0,0,1,3
u-2054,53,2026-07-23,train,25,0,1,0.0,0,0,8
u-2055,53,2026-07-23,train,28,1,1,0.0,0,0,4
u-2056,53,2026-07-23,train,23,3,2,0.0,0,0,7
u-2057,53,2026-07-23,train,16,4,0,0.0,0,1,2
u-2058,53,2026-07-23,train,6,1,0,0.0,0,1,2
u-2059,53,2026-07-23,train,14,7,0,0.0,0,0,1
u-2060,53,2026-07-23,train,7,5,0,0.0,0,0,1
u-2001,54,2026-07-24,train,28,3,0,0.0,0,0,4
u-2002,54,2026-07-24,train,31,5,0,0.0,1,0,6
u-2003,54,2026-07-24,train,9,1,1,0.0,1,0,5
u-2004,54,2026-07-24,train,30,5,0,0.0,0,0,5
u-2005,54,2026-07-24,train,26,4,1,0.0,0,0,4
u-2006,54,2026-07-24,train,21,5,0,0.0,0,1,1
u-2007,54,2026-07-24,train,14,4,1,0.0,0,0,8
u-2008,54,2026-07-24,train,29,3,0,0.0,0,0,5
u-2009,54,2026-07-24,train,22,3,1,0.0,0,0,5
u-2010,54,2026-07-24,train,23,6,0,0.0,0,0,5
u-2011,54,2026-07-24,train,31,9,1,0.0,0,0,4
u-2012,54,2026-07-24,train,18,5,0,0.0,0,0,5
u-2013,54,2026-07-24,train,60,17,0,0.0,0,1,5
u-2014,54,2026-07-24,train,37,5,0,0.0,0,0,7
u-2015,54,2026-07-24,train,29,7,0,0.0,0,0,4
u-2016,54,2026-07-24,train,17,5,0,0.0,0,0,1
u-2017,54,2026-07-24,train,24,4,1,0.0,0,0,2
u-2018,54,2026-07-24,train,8,3,2,0.0,0,0,2
u-2019,54,2026-07-24,train,12,5,0,0.0,0,0,1
u-2020,54,2026-07-24,train,27,8,1,0.0,0,0,1
u-2021,54,2026-07-24,train,21,8,0,0.0,0,0,1
u-2022,54,2026-07-24,train,8,3,1,0.0,0,0,1
u-2023,54,2026-07-24,train,7,2,1,0.0,0,0,4
u-2024,54,2026-07-24,train,15,1,0,0.0,0,0,3
u-2025,54,2026-07-24,train,11,1,0,0.0,0,0,2
u-2026,54,2026-07-24,train,16,1,0,0.0,0,0,5
u-2027,54,2026-07-24,train,12,1,1,0.0,0,1,4
u-2028,54,2026-07-24,train,18,3,1,57.6,0,0,1
u-2029,54,2026-07-24,train,5,2,0,0.0,0,0,2
u-2030,54,2026-07-24,train,12,0,0,0.0,0,0,5
u-2031,54,2026-07-24,train,13,2,0,0.0,0,0,2
u-2032,54,2026-07-24,train,38,3,0,3.8,0,0,2
u-2033,54,2026-07-24,train,17,1,1,0.0,0,0,1
u-2034,54,2026-07-24,train,10,2,2,0.0,0,0,3
u-2035,54,2026-07-24,train,35,9,0,0.0,0,1,7
u-2036,54,2026-07-24,train,13,1,0,0.0,0,0,7
u-2037,54,2026-07-24,train,13,5,0,0.0,0,0,3
u-2038,54,2026-07-24,train,17,6,2,0.0,0,2,4
u-2039,54,2026-07-24,train,25,1,0,0.0,0,0,1
u-2040,54,2026-07-24,train,11,3,1,0.0,0,0,7
u-2041,54,2026-07-24,train,15,5,2,0.0,0,0,1
u-2042,54,2026-07-24,train,29,5,1,0.0,0,0,7
u-2043,54,2026-07-24,train,12,1,1,3.4,0,0,1
u-2044,54,2026-07-24,train,12,2,0,0.0,0,1,1
u-2045,54,2026-07-24,train,15,3,0,0.0,0,0,4
u-2046,54,2026-07-24,train,23,5,1,0.0,0,0,3
u-2047,54,2026-07-24,train,15,4,1,0.0,0,0,3
u-2048,54,2026-07-24,train,10,1,0,0.0,0,0,3
u-2049,54,2026-07-24,train,29,4,0,0.0,0,1,4
u-2050,54,2026-07-24,train,10,2,0,0.0,0,0,3
u-2051,54,2026-07-24,train,42,6,2,0.0,0,0,5
u-2052,54,2026-07-24,train,37,1,1,4.0,0,1,6
u-2053,54,2026-07-24,train,43,4,1,0.0,1,0,10
u-2054,54,2026-07-24,train,33,3,0,0.0,0,0,5
u-2055,54,2026-07-24,train,26,4,0,0.0,0,1,3
u-2056,54,2026-07-24,train,28,3,1,0.0,1,0,8
u-2057,54,2026-07-24,train,14,3,1,0.0,0,1,1
u-2058,54,2026-07-24,train,18,7,0,0.0,0,0,3
u-2059,54,2026-07-24,train,16,5,0,0.0,0,0,2
u-2060,54,2026-07-24,train,5,4,0,0.0,0,1,1
u-2001,55,2026-07-25,train,4,0,0,0.0,0,0,3
u-2002,55,2026-07-25,train,1,0,0,0.0,0,0,2
u-2003,55,2026-07-25,train,0,0,0,0.0,0,0,0
u-2004,55,2026-07-25,train,4,0,0,0.0,0,0,3
u-2005,55,2026-07-25,train,7,0,0,0.0,0,0,4
u-2006,55,2026-07-25,train,6,0,0,0.0,0,0,5
u-2007,55,2026-07-25,train,1,0,0,0.0,0,0,6
u-2008,55,2026-07-25,train,1,1,1,0.0,0,0,5
u-2009,55,2026-07-25,train,5,0,1,0.0,0,0,3
u-2010,55,2026-07-25,train,1,0,0,0.0,0,0,4
u-2011,55,2026-07-25,train,1,1,1,0.0,0,0,5
u-2012,55,2026-07-25,train,5,1,1,0.0,0,0,3
u-2013,55,2026-07-25,train,3,1,1,0.0,0,0,1
u-2014,55,2026-07-25,train,2,1,0,0.0,0,0,8
u-2015,55,2026-07-25,train,2,0,0,0.0,0,0,2
u-2016,55,2026-07-25,train,0,0,0,0.0,0,0,0
u-2017,55,2026-07-25,train,1,0,0,0.0,0,0,3
u-2018,55,2026-07-25,train,0,0,0,0.0,0,0,0
u-2019,55,2026-07-25,train,3,1,0,0.0,0,0,1
u-2020,55,2026-07-25,train,2,1,0,0.0,0,0,2
u-2021,55,2026-07-25,train,1,1,0,0.0,0,0,3
u-2022,55,2026-07-25,train,1,0,0,0.0,0,0,1
u-2023,55,2026-07-25,train,2,2,0,0.0,0,0,3
u-2024,55,2026-07-25,train,1,0,0,0.0,0,0,3
u-2025,55,2026-07-25,train,0,0,0,0.0,0,0,0
u-2026,55,2026-07-25,train,0,0,0,0.0,0,0,0
u-2027,55,2026-07-25,train,1,0,0,0.0,0,0,1
u-2028,55,2026-07-25,train,2,1,0,0.0,0,0,2
u-2029,55,2026-07-25,train,1,0,1,0.0,0,0,2
u-2030,55,2026-07-25,train,0,0,1,0.0,0,0,0
u-2031,55,2026-07-25,train,0,0,0,0.0,0,0,0
u-2032,55,2026-07-25,train,1,1,0,0.0,0,0,3
u-2033,55,2026-07-25,train,2,0,1,0.0,0,0,1
u-2034,55,2026-07-25,train,1,0,0,0.0,0,0,5
u-2035,55,2026-07-25,train,2,1,0,0.0,0,0,4
u-2036,55,2026-07-25,train,0,0,0,0.0,0,0,0
u-2037,55,2026-07-25,train,0,0,0,0.0,0,0,0
u-2038,55,2026-07-25,train,2,0,0,0.0,0,0,5
u-2039,55,2026-07-25,train,3,1,0,0.0,0,0,7
u-2040,55,2026-07-25,train,4,2,0,0.0,0,0,3
u-2041,55,2026-07-25,train,2,1,0,0.0,0,0,6
u-2042,55,2026-07-25,train,3,0,0,0.0,0,0,4
u-2043,55,2026-07-25,train,2,1,0,0.0,0,0,4
u-2044,55,2026-07-25,train,0,0,0,0.0,0,0,0
u-2045,55,2026-07-25,train,2,0,0,0.0,0,0,3
u-2046,55,2026-07-25,train,2,0,0,0.0,0,0,3
u-2047,55,2026-07-25,train,1,0,0,0.0,0,0,5
u-2048,55,2026-07-25,train,1,0,0,0.0,0,0,3
u-2049,55,2026-07-25,train,4,1,0,0.0,0,0,4
u-2050,55,2026-07-25,train,1,0,0,0.0,0,0,2
u-2051,55,2026-07-25,train,3,0,0,0.0,0,0,5
u-2052,55,2026-07-25,train,3,0,4,0.0,0,0,5
u-2053,55,2026-07-25,train,2,0,0,0.0,0,0,6
u-2054,55,2026-07-25,train,1,0,0,0.0,0,0,9
u-2055,55,2026-07-25,train,3,1,0,0.0,0,0,5
u-2056,55,2026-07-25,train,1,0,0,0.0,0,0,7
u-2057,55,2026-07-25,train,3,1,0,0.0,0,0,3
u-2058,55,2026-07-25,train,1,1,1,0.0,0,0,2
u-2059,55,2026-07-25,train,4,1,1,0.0,0,0,1
u-2060,55,2026-07-25,train,1,0,0,0.0,0,0,3
u-2001,56,2026-07-26,train,7,2,0,0.0,0,0,7
u-2002,56,2026-07-26,train,7,1,0,0.0,0,0,4
u-2003,56,2026-07-26,train,4,1,0,0.0,0,0,4
u-2004,56,2026-07-26,train,2,1,1,0.0,0,0,6
u-2005,56,2026-07-26,train,2,0,0,0.0,0,0,3
u-2006,56,2026-07-26,train,2,0,0,0.0,0,0,3
u-2007,56,2026-07-26,train,1,1,0,0.0,0,0,5
u-2008,56,2026-07-26,train,2,1,0,0.0,0,0,4
u-2009,56,2026-07-26,train,0,0,0,0.0,0,0,0
u-2010,56,2026-07-26,train,3,0,0,0.0,0,0,3
u-2011,56,2026-07-26,train,4,0,0,0.0,0,0,4
u-2012,56,2026-07-26,train,2,0,0,0.0,0,0,5
u-2013,56,2026-07-26,train,6,0,0,0.0,0,0,7
u-2014,56,2026-07-26,train,5,0,1,0.0,0,0,5
u-2015,56,2026-07-26,train,2,0,0,0.0,0,0,5
u-2016,56,2026-07-26,train,1,0,0,0.0,0,0,2
u-2017,56,2026-07-26,train,4,0,0,0.0,0,0,2
u-2018,56,2026-07-26,train,1,0,0,0.0,0,0,3
u-2019,56,2026-07-26,train,0,0,0,0.0,0,0,0
u-2020,56,2026-07-26,train,4,2,0,0.0,0,0,5
u-2021,56,2026-07-26,train,3,0,0,0.0,0,0,1
u-2022,56,2026-07-26,train,0,0,0,0.0,0,0,0
u-2023,56,2026-07-26,train,1,0,0,0.0,0,0,3
u-2024,56,2026-07-26,train,4,0,1,0.0,0,0,2
u-2025,56,2026-07-26,train,1,0,1,0.0,0,0,5
u-2026,56,2026-07-26,train,0,0,1,0.0,0,0,0
u-2027,56,2026-07-26,train,2,0,0,0.0,0,0,5
u-2028,56,2026-07-26,train,1,0,0,0.0,0,0,5
u-2029,56,2026-07-26,train,1,0,0,0.0,0,0,3
u-2030,56,2026-07-26,train,1,0,0,0.0,0,0,1
u-2031,56,2026-07-26,train,1,0,2,0.0,0,0,3
u-2032,56,2026-07-26,train,2,0,1,0.0,0,0,1
u-2033,56,2026-07-26,train,1,0,0,0.0,0,0,4
u-2034,56,2026-07-26,train,0,0,0,0.0,0,0,0
u-2035,56,2026-07-26,train,2,0,0,0.0,0,0,2
u-2036,56,2026-07-26,train,1,0,0,0.0,0,0,4
u-2037,56,2026-07-26,train,1,0,0,0.0,0,0,2
u-2038,56,2026-07-26,train,2,0,0,0.0,0,0,5
u-2039,56,2026-07-26,train,3,1,0,0.0,0,0,4
u-2040,56,2026-07-26,train,2,0,0,0.0,0,0,1
u-2041,56,2026-07-26,train,0,0,0,0.0,0,0,0
u-2042,56,2026-07-26,train,1,0,0,0.0,0,0,3
u-2043,56,2026-07-26,train,3,0,0,0.0,0,0,5
u-2044,56,2026-07-26,train,0,0,0,0.0,0,0,0
u-2045,56,2026-07-26,train,3,1,0,0.0,0,0,1
u-2046,56,2026-07-26,train,0,0,1,0.0,0,0,0
u-2047,56,2026-07-26,train,2,0,0,0.0,0,0,4
u-2048,56,2026-07-26,train,1,0,0,0.0,0,0,3
u-2049,56,2026-07-26,train,2,0,0,0.0,0,0,3
u-2050,56,2026-07-26,train,0,0,0,0.0,0,0,0
u-2051,56,2026-07-26,train,5,2,0,0.0,0,0,8
u-2052,56,2026-07-26,train,4,1,1,0.0,0,0,6
u-2053,56,2026-07-26,train,3,0,0,0.0,0,0,5
u-2054,56,2026-07-26,train,3,0,1,0.0,0,0,7
u-2055,56,2026-07-26,train,3,0,1,0.0,0,0,8
u-2056,56,2026-07-26,train,2,0,2,0.0,0,0,4
u-2057,56,2026-07-26,train,0,0,0,0.0,0,0,0
u-2058,56,2026-07-26,train,1,1,0,0.0,0,0,1
u-2059,56,2026-07-26,train,1,1,0,0.0,0,0,1
u-2060,56,2026-07-26,train,0,0,0,0.0,0,0,0
u-2001,57,2026-07-27,train,27,4,0,0.0,0,0,3
u-2002,57,2026-07-27,train,35,3,0,0.0,0,1,8
u-2003,57,2026-07-27,train,7,0,1,0.0,0,0,8
u-2004,57,2026-07-27,train,35,4,0,0.0,0,0,4
u-2005,57,2026-07-27,train,38,3,1,0.0,0,0,7
u-2006,57,2026-07-27,train,24,4,2,0.0,0,0,1
u-2007,57,2026-07-27,train,13,2,1,0.0,0,0,3
u-2008,57,2026-07-27,train,13,4,0,0.0,0,0,5
u-2009,57,2026-07-27,train,30,5,0,0.0,0,0,3
u-2010,57,2026-07-27,train,24,3,1,0.0,0,1,2
u-2011,57,2026-07-27,train,21,6,0,0.0,0,0,4
u-2012,57,2026-07-27,train,26,3,0,0.0,0,1,4
u-2013,57,2026-07-27,train,64,12,0,0.0,0,0,1
u-2014,57,2026-07-27,train,32,3,0,0.0,0,0,4
u-2015,57,2026-07-27,train,23,5,0,0.0,0,0,1
u-2016,57,2026-07-27,train,11,3,1,0.0,0,0,2
u-2017,57,2026-07-27,train,26,10,0,0.0,0,0,5
u-2018,57,2026-07-27,train,5,1,0,0.0,0,0,4
u-2019,57,2026-07-27,train,7,0,0,0.0,0,0,1
u-2020,57,2026-07-27,train,23,9,0,0.0,0,0,2
u-2021,57,2026-07-27,train,16,2,0,0.0,0,0,3
u-2022,57,2026-07-27,train,7,0,0,0.0,0,0,3
u-2023,57,2026-07-27,train,12,2,0,0.0,0,1,3
u-2024,57,2026-07-27,train,19,3,0,0.0,0,0,4
u-2025,57,2026-07-27,train,7,1,0,0.0,0,0,3
u-2026,57,2026-07-27,train,12,0,2,0.0,0,0,5
u-2027,57,2026-07-27,train,7,1,0,0.0,0,0,3
u-2028,57,2026-07-27,train,6,1,0,0.0,0,0,4
u-2029,57,2026-07-27,train,3,1,1,0.0,0,1,2
u-2030,57,2026-07-27,train,21,1,1,0.0,0,0,3
u-2031,57,2026-07-27,train,15,1,0,0.0,0,1,2
u-2032,57,2026-07-27,train,28,4,1,0.0,0,0,5
u-2033,57,2026-07-27,train,13,1,1,0.0,0,0,4
u-2034,57,2026-07-27,train,12,3,0,0.0,0,0,2
u-2035,57,2026-07-27,train,23,3,0,0.0,0,1,5
u-2036,57,2026-07-27,train,24,3,1,0.0,0,0,4
u-2037,57,2026-07-27,train,22,2,0,0.0,0,0,5
u-2038,57,2026-07-27,train,13,2,0,0.0,0,0,3
u-2039,57,2026-07-27,train,26,4,0,0.0,0,0,6
u-2040,57,2026-07-27,train,14,2,2,0.0,0,0,4
u-2041,57,2026-07-27,train,19,2,1,0.0,0,0,5
u-2042,57,2026-07-27,train,17,4,0,0.0,0,0,2
u-2043,57,2026-07-27,train,22,4,1,0.0,0,0,2
u-2044,57,2026-07-27,train,12,3,0,0.0,0,0,2
u-2045,57,2026-07-27,train,12,0,0,0.0,0,1,4
u-2046,57,2026-07-27,train,13,3,0,0.0,0,0,1
u-2047,57,2026-07-27,train,16,2,0,0.0,0,0,1
u-2048,57,2026-07-27,train,19,5,0,7.4,0,1,2
u-2049,57,2026-07-27,train,28,7,0,0.0,0,0,6
u-2050,57,2026-07-27,train,7,0,0,0.0,0,0,3
u-2051,57,2026-07-27,train,35,2,1,0.0,0,1,3
u-2052,57,2026-07-27,train,39,1,1,0.0,0,0,7
u-2053,57,2026-07-27,train,29,3,2,0.0,1,0,5
u-2054,57,2026-07-27,train,33,3,3,0.0,0,0,9
u-2055,57,2026-07-27,train,47,5,4,0.0,0,2,8
u-2056,57,2026-07-27,train,29,3,1,0.0,0,0,5
u-2057,57,2026-07-27,train,16,7,0,0.0,1,0,2
u-2058,57,2026-07-27,train,11,3,0,0.0,0,1,3
u-2059,57,2026-07-27,train,20,9,1,0.0,0,0,3
u-2060,57,2026-07-27,train,6,3,0,0.0,0,0,1
u-2001,58,2026-07-28,train,32,8,0,0.0,0,0,5
u-2002,58,2026-07-28,train,48,7,0,0.0,1,0,3
u-2003,58,2026-07-28,train,5,0,0,0.0,0,1,2
u-2004,58,2026-07-28,train,42,7,0,0.0,0,0,5
u-2005,58,2026-07-28,train,43,7,0,0.0,0,0,6
u-2006,58,2026-07-28,train,24,5,1,0.0,0,0,5
u-2007,58,2026-07-28,train,22,4,2,0.0,0,0,6
u-2008,58,2026-07-28,train,32,8,1,0.0,0,0,5
u-2009,58,2026-07-28,train,28,4,0,0.0,0,0,4
u-2010,58,2026-07-28,train,29,8,0,4.7,1,0,9
u-2011,58,2026-07-28,train,28,6,1,0.0,0,0,4
u-2012,58,2026-07-28,train,36,8,1,0.0,0,0,5
u-2013,58,2026-07-28,train,67,17,1,0.0,0,0,5
u-2014,58,2026-07-28,train,33,8,1,0.0,0,0,4
u-2015,58,2026-07-28,train,16,3,0,0.0,0,0,4
u-2016,58,2026-07-28,train,9,4,0,0.0,0,0,2
u-2017,58,2026-07-28,train,14,4,0,0.0,0,0,2
u-2018,58,2026-07-28,train,10,3,0,0.0,1,0,5
u-2019,58,2026-07-28,train,12,2,0,0.0,0,0,1
u-2020,58,2026-07-28,train,21,8,0,0.0,0,0,5
u-2021,58,2026-07-28,train,16,5,0,0.0,0,0,2
u-2022,58,2026-07-28,train,15,2,1,0.0,0,0,2
u-2023,58,2026-07-28,train,10,1,0,0.0,0,0,2
u-2024,58,2026-07-28,train,10,1,2,0.0,1,0,2
u-2025,58,2026-07-28,train,13,1,0,0.0,0,0,1
u-2026,58,2026-07-28,train,9,0,0,0.0,0,0,2
u-2027,58,2026-07-28,train,10,1,1,0.0,0,0,2
u-2028,58,2026-07-28,train,7,0,0,0.0,0,1,3
u-2029,58,2026-07-28,train,5,1,0,0.0,0,0,5
u-2030,58,2026-07-28,train,19,3,0,0.0,0,0,2
u-2031,58,2026-07-28,train,16,2,1,0.0,0,1,1
u-2032,58,2026-07-28,train,25,1,0,29.5,1,0,2
u-2033,58,2026-07-28,train,19,1,0,0.0,0,2,2
u-2034,58,2026-07-28,train,9,0,0,0.0,0,0,4
u-2035,58,2026-07-28,train,25,4,0,0.0,0,0,6
u-2036,58,2026-07-28,train,10,1,0,0.0,1,0,2
u-2037,58,2026-07-28,train,10,3,0,0.0,0,0,1
u-2038,58,2026-07-28,train,10,3,2,0.0,0,0,5
u-2039,58,2026-07-28,train,27,6,1,0.0,0,0,6
u-2040,58,2026-07-28,train,15,3,2,0.0,0,0,5
u-2041,58,2026-07-28,train,6,3,0,0.0,0,0,6
u-2042,58,2026-07-28,train,20,4,0,0.0,1,0,8
u-2043,58,2026-07-28,train,15,4,0,0.0,0,0,4
u-2044,58,2026-07-28,train,12,3,0,0.0,0,1,5
u-2045,58,2026-07-28,train,19,2,0,0.0,0,0,1
u-2046,58,2026-07-28,train,25,4,0,0.0,0,0,5
u-2047,58,2026-07-28,train,18,5,0,0.0,0,1,3
u-2048,58,2026-07-28,train,11,4,0,0.0,0,1,3
u-2049,58,2026-07-28,train,37,10,0,0.0,0,1,2
u-2050,58,2026-07-28,train,12,4,0,0.0,0,0,1
u-2051,58,2026-07-28,train,30,3,4,0.0,0,2,4
u-2052,58,2026-07-28,train,32,1,0,0.0,0,0,4
u-2053,58,2026-07-28,train,26,5,1,0.0,0,0,4
u-2054,58,2026-07-28,train,31,5,1,0.0,0,0,8
u-2055,58,2026-07-28,train,28,2,1,0.0,0,0,10
u-2056,58,2026-07-28,train,24,0,4,0.0,0,0,9
u-2057,58,2026-07-28,train,16,6,0,0.0,0,0,4
u-2058,58,2026-07-28,train,14,2,0,0.0,0,0,2
u-2059,58,2026-07-28,train,19,5,0,0.0,0,0,2
u-2060,58,2026-07-28,train,12,4,0,0.0,0,0,1
u-2001,59,2026-07-29,train,26,4,0,0.0,1,2,6
u-2002,59,2026-07-29,train,36,6,0,0.0,0,1,4
u-2003,59,2026-07-29,train,11,3,0,0.0,0,0,8
u-2004,59,2026-07-29,train,42,10,0,0.0,0,0,1
u-2005,59,2026-07-29,train,32,8,1,0.0,0,1,5
u-2006,59,2026-07-29,train,22,6,0,0.0,0,0,2
u-2007,59,2026-07-29,train,15,4,1,0.0,0,0,4
u-2008,59,2026-07-29,train,22,6,0,0.0,0,0,6
u-2009,59,2026-07-29,train,32,5,0,0.0,0,2,4
u-2010,59,2026-07-29,train,24,4,0,0.0,0,0,3
u-2011,59,2026-07-29,train,27,7,1,0.0,0,0,7
u-2012,59,2026-07-29,train,25,3,0,0.0,0,1,4
u-2013,59,2026-07-29,train,70,12,1,0.0,0,0,5
u-2014,59,2026-07-29,train,32,7,2,0.0,0,0,4
u-2015,59,2026-07-29,train,27,9,0,0.0,0,0,5
u-2016,59,2026-07-29,train,10,4,1,0.0,0,0,5
u-2017,59,2026-07-29,train,22,5,0,0.0,0,0,3
u-2018,59,2026-07-29,train,12,2,0,0.0,0,1,1
u-2019,59,2026-07-29,train,11,4,1,0.0,0,0,3
u-2020,59,2026-07-29,train,15,2,1,0.0,0,0,2
u-2021,59,2026-07-29,train,20,8,0,0.0,0,0,1
u-2022,59,2026-07-29,train,12,6,0,0.0,0,0,4
u-2023,59,2026-07-29,train,14,1,0,0.0,0,1,3
u-2024,59,2026-07-29,train,11,3,0,0.0,0,0,2
u-2025,59,2026-07-29,train,9,2,0,3.6,0,0,4
u-2026,59,2026-07-29,train,12,2,0,0.0,0,0,2
u-2027,59,2026-07-29,train,16,3,0,0.0,0,0,4
u-2028,59,2026-07-29,train,11,2,2,24.5,0,0,2
u-2029,59,2026-07-29,train,4,1,0,0.0,0,1,1
u-2030,59,2026-07-29,train,16,2,0,0.0,0,0,1
u-2031,59,2026-07-29,train,11,1,0,24.4,0,0,2
u-2032,59,2026-07-29,train,16,4,1,0.0,0,0,1
u-2033,59,2026-07-29,train,17,1,0,0.0,0,0,3
u-2034,59,2026-07-29,train,7,1,0,0.0,0,0,2
u-2035,59,2026-07-29,train,30,8,0,0.0,0,2,4
u-2036,59,2026-07-29,train,11,4,1,0.0,0,1,6
u-2037,59,2026-07-29,train,18,4,0,0.0,0,0,7
u-2038,59,2026-07-29,train,20,2,1,0.0,0,0,6
u-2039,59,2026-07-29,train,27,5,0,0.0,0,0,5
u-2040,59,2026-07-29,train,17,2,0,0.0,0,1,3
u-2041,59,2026-07-29,train,8,0,0,0.0,0,0,4
u-2042,59,2026-07-29,train,20,5,0,0.0,0,0,2
u-2043,59,2026-07-29,train,18,6,0,0.0,0,0,5
u-2044,59,2026-07-29,train,12,4,0,0.0,0,0,2
u-2045,59,2026-07-29,train,18,1,0,0.0,0,0,4
u-2046,59,2026-07-29,train,29,3,0,0.0,0,0,1
u-2047,59,2026-07-29,train,10,1,1,0.0,0,0,4
u-2048,59,2026-07-29,train,10,1,0,0.0,0,1,1
u-2049,59,2026-07-29,train,28,9,1,0.0,0,0,4
u-2050,59,2026-07-29,train,13,3,0,0.0,0,0,3
u-2051,59,2026-07-29,train,35,3,0,0.0,0,1,9
u-2052,59,2026-07-29,train,37,2,0,0.0,0,0,5
u-2053,59,2026-07-29,train,34,1,1,0.0,0,0,5
u-2054,59,2026-07-29,train,32,4,4,6.3,1,1,8
u-2055,59,2026-07-29,train,44,5,1,0.0,0,1,7
u-2056,59,2026-07-29,train,25,3,0,0.0,0,2,6
u-2057,59,2026-07-29,train,16,3,1,0.0,0,0,4
u-2058,59,2026-07-29,train,10,4,0,0.0,0,0,1
u-2059,59,2026-07-29,train,20,6,0,0.0,0,0,1
u-2060,59,2026-07-29,train,9,0,1,0.0,0,1,3
u-2001,60,2026-07-30,train,27,4,0,0.0,0,1,2
u-2002,60,2026-07-30,train,49,6,2,0.0,0,0,7
u-2003,60,2026-07-30,train,12,4,1,0.0,0,0,4
u-2004,60,2026-07-30,train,33,6,2,0.0,0,0,5
u-2005,60,2026-07-30,train,26,1,1,0.0,1,0,3
u-2006,60,2026-07-30,train,14,1,0,0.0,1,0,3
u-2007,60,2026-07-30,train,16,4,0,0.0,0,1,3
u-2008,60,2026-07-30,train,19,4,0,0.0,0,0,8
u-2009,60,2026-07-30,train,27,5,0,0.0,0,0,2
u-2010,60,2026-07-30,train,30,5,0,0.0,0,1,4
u-2011,60,2026-07-30,train,31,9,0,0.0,0,0,4
u-2012,60,2026-07-30,train,17,3,1,0.0,0,0,5
u-2013,60,2026-07-30,train,52,15,0,0.8,0,0,8
u-2014,60,2026-07-30,train,31,7,0,0.0,0,0,5
u-2015,60,2026-07-30,train,21,6,0,0.0,0,0,4
u-2016,60,2026-07-30,train,13,8,1,0.0,0,0,3
u-2017,60,2026-07-30,train,40,12,0,0.0,0,0,5
u-2018,60,2026-07-30,train,14,4,0,0.0,0,0,4
u-2019,60,2026-07-30,train,6,3,0,0.0,0,0,1
u-2020,60,2026-07-30,train,15,4,0,0.0,0,0,2
u-2021,60,2026-07-30,train,18,6,0,0.0,0,0,2
u-2022,60,2026-07-30,train,8,3,0,0.0,0,0,2
u-2023,60,2026-07-30,train,25,5,2,0.0,0,1,2
u-2024,60,2026-07-30,train,24,2,0,0.0,0,0,5
u-2025,60,2026-07-30,train,7,2,1,0.0,1,1,4
u-2026,60,2026-07-30,train,3,0,0,0.0,0,0,1
u-2027,60,2026-07-30,train,18,3,0,0.0,0,0,1
u-2028,60,2026-07-30,train,7,1,0,0.0,0,0,4
u-2029,60,2026-07-30,train,6,0,0,0.0,0,0,2
u-2030,60,2026-07-30,train,18,0,0,0.0,0,0,1
u-2031,60,2026-07-30,train,17,1,0,0.0,0,1,3
u-2032,60,2026-07-30,train,21,3,1,0.0,0,1,1
u-2033,60,2026-07-30,train,11,3,0,0.0,0,0,5
u-2034,60,2026-07-30,train,15,2,2,0.0,1,0,5
u-2035,60,2026-07-30,train,29,10,0,0.0,0,0,7
u-2036,60,2026-07-30,train,18,5,0,0.0,0,0,3
u-2037,60,2026-07-30,train,16,3,0,0.0,0,0,4
u-2038,60,2026-07-30,train,17,3,0,0.0,0,1,2
u-2039,60,2026-07-30,train,21,1,0,0.0,0,0,4
u-2040,60,2026-07-30,train,18,3,1,0.0,0,0,4
u-2041,60,2026-07-30,train,13,2,3,9.4,0,1,3
u-2042,60,2026-07-30,train,25,3,1,0.0,0,0,2
u-2043,60,2026-07-30,train,16,1,0,0.0,0,0,2
u-2044,60,2026-07-30,train,8,2,0,0.0,0,0,4
u-2045,60,2026-07-30,train,15,0,0,0.0,0,0,2
u-2046,60,2026-07-30,train,22,7,1,0.0,0,0,2
u-2047,60,2026-07-30,train,15,2,0,0.0,0,0,1
u-2048,60,2026-07-30,train,19,4,0,0.0,0,0,1
u-2049,60,2026-07-30,train,24,5,0,0.0,0,0,1
u-2050,60,2026-07-30,train,5,2,0,0.0,0,0,4
u-2051,60,2026-07-30,train,38,8,1,0.0,1,0,8
u-2052,60,2026-07-30,train,35,3,1,0.0,0,1,8
u-2053,60,2026-07-30,train,37,0,4,0.0,0,2,2
u-2054,60,2026-07-30,train,23,1,1,0.0,0,0,8
u-2055,60,2026-07-30,train,32,1,1,0.0,0,1,4
u-2056,60,2026-07-30,train,26,2,1,0.0,0,0,9
u-2057,60,2026-07-30,train,24,9,0,0.0,0,0,1
u-2058,60,2026-07-30,train,13,5,1,0.0,0,0,1
u-2059,60,2026-07-30,train,13,2,0,0.0,0,1,2
u-2060,60,2026-07-30,train,5,2,0,0.0,0,0,1
u-2001,61,2026-07-31,holdout,45,9,0,0.0,0,0,4
u-2002,61,2026-07-31,holdout,36,5,1,0.0,1,1,5
u-2003,61,2026-07-31,holdout,11,4,0,0.0,1,0,8
u-2004,61,2026-07-31,holdout,38,14,0,0.0,0,0,8
u-2005,61,2026-07-31,holdout,31,1,0,0.0,0,0,4
u-2006,61,2026-07-31,holdout,22,3,0,0.0,0,0,3
u-2007,61,2026-07-31,holdout,8,1,0,0.0,0,0,2
u-2008,61,2026-07-31,holdout,20,3,0,0.0,0,0,2
u-2009,61,2026-07-31,holdout,25,2,0,3.9,0,1,3
u-2010,61,2026-07-31,holdout,26,3,0,0.0,0,0,3
u-2011,61,2026-07-31,holdout,30,7,1,0.0,0,0,4
u-2012,61,2026-07-31,holdout,17,2,0,0.0,0,0,4
u-2013,61,2026-07-31,holdout,51,10,0,0.0,0,0,8
u-2014,61,2026-07-31,holdout,32,6,0,0.0,0,1,6
u-2015,61,2026-07-31,holdout,35,7,0,0.0,0,0,1
u-2016,61,2026-07-31,holdout,8,2,0,0.0,0,0,4
u-2017,61,2026-07-31,holdout,20,4,1,3.5,0,0,5
u-2018,61,2026-07-31,holdout,8,5,0,0.0,0,0,3
u-2019,61,2026-07-31,holdout,12,2,0,2.5,0,0,2
u-2020,61,2026-07-31,holdout,20,8,0,0.0,0,0,2
u-2021,61,2026-07-31,holdout,16,3,0,0.0,0,0,3
u-2022,61,2026-07-31,holdout,4,0,0,0.0,0,0,5
u-2023,61,2026-07-31,holdout,15,3,1,0.0,0,0,1
u-2024,61,2026-07-31,holdout,12,1,0,0.0,0,0,3
u-2025,61,2026-07-31,holdout,8,2,1,16.2,0,0,2
u-2026,61,2026-07-31,holdout,9,1,1,0.0,0,1,2
u-2027,61,2026-07-31,holdout,11,1,0,0.0,0,1,1
u-2028,61,2026-07-31,holdout,8,1,0,0.0,0,0,2
u-2029,61,2026-07-31,holdout,6,4,1,0.0,0,1,2
u-2030,61,2026-07-31,holdout,11,0,0,0.0,0,0,4
u-2031,61,2026-07-31,holdout,14,0,1,0.0,0,0,2
u-2032,61,2026-07-31,holdout,17,3,0,7.7,0,0,2
u-2033,61,2026-07-31,holdout,14,4,0,18.9,0,0,2
u-2034,61,2026-07-31,holdout,5,1,0,14.7,0,0,4
u-2035,61,2026-07-31,holdout,29,7,0,0.0,0,0,4
u-2036,61,2026-07-31,holdout,11,1,0,0.0,0,0,3
u-2037,61,2026-07-31,holdout,20,2,0,0.0,0,0,7
u-2038,61,2026-07-31,holdout,14,3,0,0.0,0,0,6
u-2039,61,2026-07-31,holdout,22,5,1,7.7,0,0,4
u-2040,61,2026-07-31,holdout,13,3,0,0.0,0,0,5
u-2041,61,2026-07-31,holdout,11,2,2,0.0,0,0,6
u-2042,61,2026-07-31,holdout,18,0,0,0.0,0,0,5
u-2043,61,2026-07-31,holdout,20,5,0,0.0,0,0,3
u-2044,61,2026-07-31,holdout,11,2,0,0.0,0,0,6
u-2045,61,2026-07-31,holdout,18,2,0,0.0,0,0,3
u-2046,61,2026-07-31,holdout,15,2,0,0.0,0,1,5
u-2047,61,2026-07-31,holdout,14,1,0,0.0,0,0,2
u-2048,61,2026-07-31,holdout,17,4,0,0.0,0,0,1
u-2049,61,2026-07-31,holdout,30,5,0,0.0,0,0,2
u-2050,61,2026-07-31,holdout,13,3,0,0.0,1,0,5
u-2051,61,2026-07-31,holdout,31,2,2,0.0,0,0,5
u-2052,61,2026-07-31,holdout,30,2,2,0.0,0,0,2
u-2053,61,2026-07-31,holdout,31,2,4,0.0,0,0,8
u-2054,61,2026-07-31,holdout,28,4,0,0.0,0,2,4
u-2055,61,2026-07-31,holdout,30,2,1,0.0,0,2,12
u-2056,61,2026-07-31,holdout,26,3,1,0.0,0,0,9
u-2057,61,2026-07-31,holdout,12,2,0,2.0,0,0,1
u-2058,61,2026-07-31,holdout,11,2,0,0.0,0,1,4
u-2059,61,2026-07-31,holdout,17,8,1,0.0,0,0,2
u-2060,61,2026-07-31,holdout,9,2,0,0.0,0,1,2
u-2001,62,2026-08-01,holdout,0,0,1,0.0,0,0,0
u-2002,62,2026-08-01,holdout,6,0,1,0.0,0,0,3
u-2003,62,2026-08-01,holdout,1,0,0,0.0,0,0,3
u-2004,62,2026-08-01,holdout,4,1,0,0.0,0,0,7
u-2005,62,2026-08-01,holdout,4,0,1,0.0,0,0,1
u-2006,62,2026-08-01,holdout,1,0,0,0.0,0,0,3
u-2007,62,2026-08-01,holdout,2,1,1,0.0,0,0,5
u-2008,62,2026-08-01,holdout,5,1,0,0.0,0,0,3
u-2009,62,2026-08-01,holdout,3,1,0,0.0,0,0,6
u-2010,62,2026-08-01,holdout,2,1,0,0.0,0,0,2
u-2011,62,2026-08-01,holdout,3,1,1,0.0,0,0,7
u-2012,62,2026-08-01,holdout,0,0,0,0.0,0,0,0
u-2013,62,2026-08-01,holdout,3,0,0,0.0,0,0,2
u-2014,62,2026-08-01,holdout,3,1,0,0.0,0,0,2
u-2015,62,2026-08-01,holdout,2,0,0,0.0,0,0,2
u-2016,62,2026-08-01,holdout,0,0,0,0.0,0,0,0
u-2017,62,2026-08-01,holdout,2,0,0,0.0,0,0,5
u-2018,62,2026-08-01,holdout,2,1,1,0.0,0,0,3
u-2019,62,2026-08-01,holdout,0,0,1,0.0,0,0,0
u-2020,62,2026-08-01,holdout,1,1,0,0.0,0,0,5
u-2021,62,2026-08-01,holdout,2,1,0,0.0,0,0,3
u-2022,62,2026-08-01,holdout,0,0,0,0.0,0,0,0
u-2023,62,2026-08-01,holdout,1,0,1,0.0,0,0,2
u-2024,62,2026-08-01,holdout,1,0,0,0.0,0,1,2
u-2025,62,2026-08-01,holdout,1,0,0,0.0,0,0,2
u-2026,62,2026-08-01,holdout,1,0,1,0.0,0,0,1
u-2027,62,2026-08-01,holdout,4,1,0,7.1,0,0,1
u-2028,62,2026-08-01,holdout,0,0,1,0.0,0,0,0
u-2029,62,2026-08-01,holdout,1,0,0,0.0,0,0,3
u-2030,62,2026-08-01,holdout,3,0,0,0.0,0,0,2
u-2031,62,2026-08-01,holdout,1,0,0,0.0,0,0,1
u-2032,62,2026-08-01,holdout,1,0,0,0.0,0,0,2
u-2033,62,2026-08-01,holdout,3,0,0,19.8,0,0,5
u-2034,62,2026-08-01,holdout,0,0,0,0.0,0,0,0
u-2035,62,2026-08-01,holdout,2,0,0,0.0,0,0,7
u-2036,62,2026-08-01,holdout,0,0,0,0.0,0,0,0
u-2037,62,2026-08-01,holdout,2,1,0,0.0,0,0,3
u-2038,62,2026-08-01,holdout,1,0,0,0.0,0,0,4
u-2039,62,2026-08-01,holdout,5,1,0,0.0,0,0,1
u-2040,62,2026-08-01,holdout,1,0,0,0.0,0,0,7
u-2041,62,2026-08-01,holdout,1,0,0,0.0,0,0,5
u-2042,62,2026-08-01,holdout,1,0,0,0.0,0,0,2
u-2043,62,2026-08-01,holdout,1,0,0,0.0,0,0,1
u-2044,62,2026-08-01,holdout,1,0,0,0.0,0,0,2
u-2045,62,2026-08-01,holdout,0,0,0,0.0,0,0,0
u-2046,62,2026-08-01,holdout,2,1,0,0.0,0,0,4
u-2047,62,2026-08-01,holdout,0,0,0,0.0,0,0,0
u-2048,62,2026-08-01,holdout,0,0,0,0.0,0,0,0
u-2049,62,2026-08-01,holdout,2,0,0,0.0,0,0,4
u-2050,62,2026-08-01,holdout,1,1,0,0.0,0,0,4
u-2051,62,2026-08-01,holdout,5,0,2,0.0,0,0,4
u-2052,62,2026-08-01,holdout,2,0,0,0.0,0,0,5
u-2053,62,2026-08-01,holdout,1,0,2,0.0,0,0,6
u-2054,62,2026-08-01,holdout,2,1,1,0.0,0,0,7
u-2055,62,2026-08-01,holdout,5,1,1,0.0,0,1,4
u-2056,62,2026-08-01,holdout,2,0,1,0.0,0,0,6
u-2057,62,2026-08-01,holdout,0,0,0,0.0,0,0,0
u-2058,62,2026-08-01,holdout,1,0,1,0.0,0,0,2
u-2059,62,2026-08-01,holdout,2,0,1,0.0,0,0,1
u-2060,62,2026-08-01,holdout,2,0,0,0.0,0,0,1
u-2001,63,2026-08-02,holdout,3,1,0,0.0,0,0,6
u-2002,63,2026-08-02,holdout,4,1,1,0.0,0,0,6
u-2003,63,2026-08-02,holdout,1,1,0,0.0,0,0,5
u-2004,63,2026-08-02,holdout,4,1,0,0.0,0,0,5
u-2005,63,2026-08-02,holdout,3,0,0,0.0,0,0,3
u-2006,63,2026-08-02,holdout,2,0,0,0.0,0,0,2
u-2007,63,2026-08-02,holdout,0,0,0,0.0,0,0,0
u-2008,63,2026-08-02,holdout,1,0,2,0.0,0,0,1
u-2009,63,2026-08-02,holdout,3,0,0,0.0,0,0,3
u-2010,63,2026-08-02,holdout,4,1,0,0.0,0,0,1
u-2011,63,2026-08-02,holdout,1,0,0,0.0,0,0,3
u-2012,63,2026-08-02,holdout,2,1,0,0.0,0,0,5
u-2013,63,2026-08-02,holdout,6,2,0,0.0,1,0,9
u-2014,63,2026-08-02,holdout,3,2,0,0.0,0,0,2
u-2015,63,2026-08-02,holdout,3,1,0,0.0,0,0,4
u-2016,63,2026-08-02,holdout,3,1,0,0.0,0,0,1
u-2017,63,2026-08-02,holdout,3,3,0,0.0,0,0,5
u-2018,63,2026-08-02,holdout,1,0,0,0.0,0,0,2
u-2019,63,2026-08-02,holdout,1,0,0,0.0,0,0,5
u-2020,63,2026-08-02,holdout,2,0,0,0.0,0,0,2
u-2021,63,2026-08-02,holdout,2,1,0,0.0,0,0,5
u-2022,63,2026-08-02,holdout,1,0,0,0.0,0,0,2
u-2023,63,2026-08-02,holdout,0,0,1,0.0,0,0,0
u-2024,63,2026-08-02,holdout,0,0,0,0.0,0,0,0
u-2025,63,2026-08-02,holdout,1,0,0,0.0,0,0,5
u-2026,63,2026-08-02,holdout,1,0,0,0.0,0,0,3
u-2027,63,2026-08-02,holdout,1,0,0,0.0,0,0,2
u-2028,63,2026-08-02,holdout,1,0,0,0.0,0,0,4
u-2029,63,2026-08-02,holdout,0,0,0,0.0,0,0,0
u-2030,63,2026-08-02,holdout,2,0,0,0.0,0,0,2
u-2031,63,2026-08-02,holdout,0,0,2,0.0,0,0,0
u-2032,63,2026-08-02,holdout,3,0,1,0.0,0,0,2
u-2033,63,2026-08-02,holdout,2,1,0,0.0,0,0,2
u-2034,63,2026-08-02,holdout,2,0,0,0.0,0,0,3
u-2035,63,2026-08-02,holdout,2,1,0,0.0,0,0,2
u-2036,63,2026-08-02,holdout,4,2,0,0.0,0,0,2
u-2037,63,2026-08-02,holdout,5,1,0,0.0,0,0,1
u-2038,63,2026-08-02,holdout,3,0,0,0.0,0,0,7
u-2039,63,2026-08-02,holdout,4,2,0,0.0,0,0,3
u-2040,63,2026-08-02,holdout,0,0,0,0.0,0,0,0
u-2041,63,2026-08-02,holdout,0,0,0,0.0,0,0,0
u-2042,63,2026-08-02,holdout,2,0,0,0.0,0,0,4
u-2043,63,2026-08-02,holdout,3,1,0,0.0,0,0,4
u-2044,63,2026-08-02,holdout,0,0,0,0.0,0,0,0
u-2045,63,2026-08-02,holdout,1,1,0,0.0,0,0,6
u-2046,63,2026-08-02,holdout,1,0,0,0.0,0,0,4
u-2047,63,2026-08-02,holdout,0,0,0,0.0,0,0,0
u-2048,63,2026-08-02,holdout,3,1,1,0.0,0,0,4
u-2049,63,2026-08-02,holdout,1,0,0,0.0,0,0,2
u-2050,63,2026-08-02,holdout,0,0,0,0.0,0,0,0
u-2051,63,2026-08-02,holdout,2,0,2,0.0,0,0,2
u-2052,63,2026-08-02,holdout,3,0,2,0.0,0,0,7
u-2053,63,2026-08-02,holdout,5,0,1,0.0,0,0,3
u-2054,63,2026-08-02,holdout,4,1,2,0.0,0,0,3
u-2055,63,2026-08-02,holdout,7,2,2,0.0,0,0,5
u-2056,63,2026-08-02,holdout,2,0,0,20.7,0,0,6
u-2057,63,2026-08-02,holdout,2,1,0,0.0,0,0,4
u-2058,63,2026-08-02,holdout,1,0,0,0.0,0,0,1
u-2059,63,2026-08-02,holdout,1,1,0,0.0,0,0,3
u-2060,63,2026-08-02,holdout,2,1,0,0.0,0,0,1
u-2001,64,2026-08-03,holdout,43,6,3,0.0,0,1,7
u-2002,64,2026-08-03,holdout,50,3,4,0.0,0,0,4
u-2003,64,2026-08-03,holdout,22,2,3,0.0,0,0,4
u-2004,64,2026-08-03,holdout,43,5,4,0.0,0,0,2
u-2005,64,2026-08-03,holdout,48,2,3,0.0,0,0,4
u-2006,64,2026-08-03,holdout,29,4,3,0.0,0,2,6
u-2007,64,2026-08-03,holdout,5,1,0,0.0,0,0,8
u-2008,64,2026-08-03,holdout,27,5,1,0.0,0,0,3
u-2009,64,2026-08-03,holdout,36,2,0,0.0,0,0,4
u-2010,64,2026-08-03,holdout,23,6,0,0.0,0,0,5
u-2011,64,2026-08-03,holdout,33,6,1,0.0,0,0,4
u-2012,64,2026-08-03,holdout,26,2,1,0.0,0,0,5
u-2013,64,2026-08-03,holdout,66,17,0,0.0,0,1,7
u-2014,64,2026-08-03,holdout,32,3,1,0.0,0,0,3
u-2015,64,2026-08-03,holdout,25,7,0,0.0,0,0,4
u-2016,64,2026-08-03,holdout,8,3,0,0.0,0,0,4
u-2017,64,2026-08-03,holdout,16,4,1,0.0,0,1,1
u-2018,64,2026-08-03,holdout,12,4,1,0.0,0,0,4
u-2019,64,2026-08-03,holdout,12,2,0,0.0,0,0,3
u-2020,64,2026-08-03,holdout,19,4,0,0.0,0,0,4
u-2021,64,2026-08-03,holdout,9,3,0,0.0,0,0,5
u-2022,64,2026-08-03,holdout,8,1,1,0.0,0,0,4
u-2023,64,2026-08-03,holdout,13,3,0,0.0,0,0,1
u-2024,64,2026-08-03,holdout,11,1,0,0.0,0,0,3
u-2025,64,2026-08-03,holdout,4,0,1,0.0,0,0,1
u-2026,64,2026-08-03,holdout,13,1,0,0.0,0,0,3
u-2027,64,2026-08-03,holdout,6,1,0,0.0,0,0,5
u-2028,64,2026-08-03,holdout,9,1,0,0.0,0,1,1
u-2029,64,2026-08-03,holdout,6,0,0,8.0,0,0,5
u-2030,64,2026-08-03,holdout,13,3,0,0.0,0,0,2
u-2031,64,2026-08-03,holdout,13,2,3,0.0,0,0,3
u-2032,64,2026-08-03,holdout,23,2,1,0.0,0,0,3
u-2033,64,2026-08-03,holdout,10,0,0,0.0,0,1,2
u-2034,64,2026-08-03,holdout,15,4,2,3.7,0,0,1
u-2035,64,2026-08-03,holdout,18,5,1,0.0,0,0,4
u-2036,64,2026-08-03,holdout,16,2,1,0.0,0,0,4
u-2037,64,2026-08-03,holdout,13,2,0,0.0,0,0,3
u-2038,64,2026-08-03,holdout,15,4,1,0.0,0,0,1
u-2039,64,2026-08-03,holdout,25,5,1,0.0,0,0,1
u-2040,64,2026-08-03,holdout,14,1,1,0.0,0,0,3
u-2041,64,2026-08-03,holdout,11,4,1,0.0,0,0,6
u-2042,64,2026-08-03,holdout,24,4,1,0.0,0,0,3
u-2043,64,2026-08-03,holdout,15,2,0,0.0,0,0,3
u-2044,64,2026-08-03,holdout,11,1,0,0.0,0,0,4
u-2045,64,2026-08-03,holdout,16,2,0,0.0,0,0,4
u-2046,64,2026-08-03,holdout,17,2,0,0.0,0,0,4
u-2047,64,2026-08-03,holdout,17,5,0,0.0,0,0,3
u-2048,64,2026-08-03,holdout,19,4,0,0.0,0,0,2
u-2049,64,2026-08-03,holdout,29,8,3,0.0,0,0,2
u-2050,64,2026-08-03,holdout,8,0,0,0.0,0,0,3
u-2051,64,2026-08-03,holdout,31,4,1,0.0,0,1,4
u-2052,64,2026-08-03,holdout,28,1,1,0.0,1,1,7
u-2053,64,2026-08-03,holdout,31,3,1,0.0,0,0,5
u-2054,64,2026-08-03,holdout,26,3,1,0.0,0,0,4
u-2055,64,2026-08-03,holdout,27,2,2,0.0,0,0,6
u-2056,64,2026-08-03,holdout,25,4,0,0.0,0,1,4
u-2057,64,2026-08-03,holdout,22,7,0,0.0,0,0,3
u-2058,64,2026-08-03,holdout,17,5,0,0.0,0,0,1
u-2059,64,2026-08-03,holdout,19,7,0,0.0,0,0,2
u-2060,64,2026-08-03,holdout,6,3,0,0.0,0,0,3
u-2001,65,2026-08-04,holdout,43,4,5,0.0,0,1,3
u-2002,65,2026-08-04,holdout,53,4,3,0.0,0,0,2
u-2003,65,2026-08-04,holdout,18,2,3,0.0,0,0,5
u-2004,65,2026-08-04,holdout,45,3,4,0.0,0,1,5
u-2005,65,2026-08-04,holdout,51,4,5,0.0,0,0,1
u-2006,65,2026-08-04,holdout,35,2,3,0.0,0,0,6
u-2007,65,2026-08-04,holdout,15,2,0,0.0,0,1,6
u-2008,65,2026-08-04,holdout,28,3,0,0.0,0,0,3
u-2009,65,2026-08-04,holdout,36,7,0,0.0,0,0,3
u-2010,65,2026-08-04,holdout,31,10,0,0.0,0,0,2
u-2011,65,2026-08-04,holdout,25,4,0,0.0,0,0,3
u-2012,65,2026-08-04,holdout,18,3,0,0.0,0,0,2
u-2013,65,2026-08-04,holdout,59,23,0,0.0,0,1,7
u-2014,65,2026-08-04,holdout,32,6,0,0.0,0,0,5
u-2015,65,2026-08-04,holdout,19,3,1,0.0,0,0,1
u-2016,65,2026-08-04,holdout,9,6,0,0.0,0,0,2
u-2017,65,2026-08-04,holdout,20,4,0,0.0,0,0,2
u-2018,65,2026-08-04,holdout,15,3,0,0.0,0,0,4
u-2019,65,2026-08-04,holdout,14,8,0,0.0,0,0,4
u-2020,65,2026-08-04,holdout,24,6,2,7.3,0,0,2
u-2021,65,2026-08-04,holdout,21,8,1,0.0,0,0,2
u-2022,65,2026-08-04,holdout,9,4,0,0.0,0,0,1
u-2023,65,2026-08-04,holdout,20,3,0,0.0,0,0,4
u-2024,65,2026-08-04,holdout,15,4,0,0.0,0,0,4
u-2025,65,2026-08-04,holdout,8,2,0,0.0,0,1,1
u-2026,65,2026-08-04,holdout,10,1,2,0.0,0,0,1
u-2027,65,2026-08-04,holdout,15,1,2,18.4,0,0,4
u-2028,65,2026-08-04,holdout,2,1,1,0.0,0,0,4
u-2029,65,2026-08-04,holdout,8,2,0,0.0,0,0,4
u-2030,65,2026-08-04,holdout,9,1,2,0.0,0,1,5
u-2031,65,2026-08-04,holdout,13,3,1,0.0,0,0,3
u-2032,65,2026-08-04,holdout,23,4,0,0.0,0,0,2
u-2033,65,2026-08-04,holdout,17,3,0,0.0,0,0,3
u-2034,65,2026-08-04,holdout,8,1,0,0.0,0,0,2
u-2035,65,2026-08-04,holdout,23,5,0,0.0,0,0,1
u-2036,65,2026-08-04,holdout,28,2,0,0.0,0,0,1
u-2037,65,2026-08-04,holdout,21,1,0,0.0,0,0,5
u-2038,65,2026-08-04,holdout,18,5,1,0.0,0,1,3
u-2039,65,2026-08-04,holdout,19,7,0,0.0,0,0,2
u-2040,65,2026-08-04,holdout,16,2,0,0.0,0,0,6
u-2041,65,2026-08-04,holdout,6,2,1,0.0,0,0,6
u-2042,65,2026-08-04,holdout,22,5,0,0.0,0,0,3
u-2043,65,2026-08-04,holdout,11,3,0,0.0,0,0,3
u-2044,65,2026-08-04,holdout,14,6,0,0.0,0,0,2
u-2045,65,2026-08-04,holdout,24,5,0,0.0,0,0,2
u-2046,65,2026-08-04,holdout,21,4,1,0.0,0,0,1
u-2047,65,2026-08-04,holdout,15,4,0,0.0,0,0,2
u-2048,65,2026-08-04,holdout,17,4,0,0.0,0,0,2
u-2049,65,2026-08-04,holdout,34,4,0,0.0,0,1,3
u-2050,65,2026-08-04,holdout,11,5,1,0.0,0,1,1
u-2051,65,2026-08-04,holdout,31,4,0,0.0,0,0,6
u-2052,65,2026-08-04,holdout,45,2,1,0.0,0,2,8
u-2053,65,2026-08-04,holdout,32,2,2,0.0,0,0,3
u-2054,65,2026-08-04,holdout,18,0,5,0.0,0,1,5
u-2055,65,2026-08-04,holdout,34,6,2,0.0,1,1,4
u-2056,65,2026-08-04,holdout,22,2,1,0.0,0,0,6
u-2057,65,2026-08-04,holdout,8,1,0,0.0,0,1,1
u-2058,65,2026-08-04,holdout,4,2,1,0.0,0,0,2
u-2059,65,2026-08-04,holdout,16,7,0,0.0,0,0,1
u-2060,65,2026-08-04,holdout,12,3,0,0.0,0,0,1
u-2001,66,2026-08-05,holdout,51,9,3,0.0,0,0,4
u-2002,66,2026-08-05,holdout,45,2,4,0.0,0,0,2
u-2003,66,2026-08-05,holdout,21,1,4,0.0,0,0,4
u-2004,66,2026-08-05,holdout,62,9,4,0.0,0,0,5
u-2005,66,2026-08-05,holdout,53,6,3,25.0,1,0,3
u-2006,66,2026-08-05,holdout,32,2,3,0.0,0,0,3
u-2007,66,2026-08-05,holdout,14,4,1,0.0,0,0,2
u-2008,66,2026-08-05,holdout,24,6,1,0.0,0,0,4
u-2009,66,2026-08-05,holdout,41,9,0,0.0,0,0,2
u-2010,66,2026-08-05,holdout,28,5,1,0.0,0,0,4
u-2011,66,2026-08-05,holdout,23,3,0,0.0,0,0,1
u-2012,66,2026-08-05,holdout,18,2,1,0.0,0,0,2
u-2013,66,2026-08-05,holdout,66,14,0,0.0,0,2,2
u-2014,66,2026-08-05,holdout,31,9,0,0.0,0,0,2
u-2015,66,2026-08-05,holdout,32,10,0,0.0,0,0,2
u-2016,66,2026-08-05,holdout,8,0,0,0.0,0,0,3
u-2017,66,2026-08-05,holdout,15,1,0,0.0,0,0,3
u-2018,66,2026-08-05,holdout,6,1,0,0.0,0,0,1
u-2019,66,2026-08-05,holdout,11,5,0,0.0,0,1,2
u-2020,66,2026-08-05,holdout,17,6,0,0.0,1,2,6
u-2021,66,2026-08-05,holdout,12,6,0,0.0,0,0,2
u-2022,66,2026-08-05,holdout,15,2,1,0.0,0,0,4
u-2023,66,2026-08-05,holdout,10,3,0,0.0,0,0,1
u-2024,66,2026-08-05,holdout,20,4,0,3.6,0,0,2
u-2025,66,2026-08-05,holdout,8,1,0,0.0,0,0,1
u-2026,66,2026-08-05,holdout,9,0,0,0.0,0,0,5
u-2027,66,2026-08-05,holdout,19,3,1,0.0,0,0,3
u-2028,66,2026-08-05,holdout,11,0,0,0.0,0,0,1
u-2029,66,2026-08-05,holdout,4,2,0,0.0,0,0,1
u-2030,66,2026-08-05,holdout,7,1,0,0.0,0,0,3
u-2031,66,2026-08-05,holdout,17,3,1,0.0,0,1,1
u-2032,66,2026-08-05,holdout,24,6,1,0.0,0,0,1
u-2033,66,2026-08-05,holdout,17,4,1,0.0,0,0,3
u-2034,66,2026-08-05,holdout,15,0,0,0.0,0,0,1
u-2035,66,2026-08-05,holdout,23,4,0,0.0,1,0,3
u-2036,66,2026-08-05,holdout,9,2,1,0.0,0,1,7
u-2037,66,2026-08-05,holdout,27,6,0,0.0,0,0,4
u-2038,66,2026-08-05,holdout,18,6,0,0.0,0,0,1
u-2039,66,2026-08-05,holdout,25,6,0,0.0,0,0,7
u-2040,66,2026-08-05,holdout,9,0,0,0.0,0,0,3
u-2041,66,2026-08-05,holdout,22,5,0,0.0,0,1,5
u-2042,66,2026-08-05,holdout,17,5,1,0.0,0,0,4
u-2043,66,2026-08-05,holdout,14,4,1,0.0,0,1,1
u-2044,66,2026-08-05,holdout,11,1,0,0.0,0,0,6
u-2045,66,2026-08-05,holdout,17,2,1,0.0,0,0,3
u-2046,66,2026-08-05,holdout,20,3,0,0.0,0,1,4
u-2047,66,2026-08-05,holdout,16,3,0,0.0,0,0,3
u-2048,66,2026-08-05,holdout,20,1,0,0.0,0,0,5
u-2049,66,2026-08-05,holdout,31,10,0,0.0,0,0,3
u-2050,66,2026-08-05,holdout,8,0,0,0.0,0,1,2
u-2051,66,2026-08-05,holdout,28,3,0,0.0,0,2,4
u-2052,66,2026-08-05,holdout,47,1,2,0.0,0,1,7
u-2053,66,2026-08-05,holdout,29,2,3,0.0,0,0,6
u-2054,66,2026-08-05,holdout,24,4,0,10.9,0,1,4
u-2055,66,2026-08-05,holdout,36,2,0,0.0,0,1,4
u-2056,66,2026-08-05,holdout,28,0,4,0.0,0,1,5
u-2057,66,2026-08-05,holdout,17,7,0,0.0,0,0,1
u-2058,66,2026-08-05,holdout,11,1,0,0.0,0,0,2
u-2059,66,2026-08-05,holdout,18,4,0,0.0,0,0,2
u-2060,66,2026-08-05,holdout,4,3,0,0.0,0,1,2
u-2001,67,2026-08-06,holdout,75,13,3,0.0,0,0,2
u-2002,67,2026-08-06,holdout,59,10,4,0.0,0,0,6
u-2003,67,2026-08-06,holdout,21,4,3,0.0,0,0,1
u-2004,67,2026-08-06,holdout,46,7,4,0.0,0,0,5
u-2005,67,2026-08-06,holdout,42,4,3,0.0,0,0,2
u-2006,67,2026-08-06,holdout,26,3,4,0.0,0,0,5
u-2007,67,2026-08-06,holdout,14,3,0,0.0,1,0,4
u-2008,67,2026-08-06,holdout,16,2,1,0.0,0,1,2
u-2009,67,2026-08-06,holdout,35,6,0,0.0,0,1,2
u-2010,67,2026-08-06,holdout,21,6,0,0.0,0,0,3
u-2011,67,2026-08-06,holdout,31,4,2,0.0,0,0,5
u-2012,67,2026-08-06,holdout,28,1,0,0.0,0,0,3
u-2013,67,2026-08-06,holdout,65,7,0,0.0,0,0,2
u-2014,67,2026-08-06,holdout,30,4,0,0.0,0,0,4
u-2015,67,2026-08-06,holdout,29,4,0,0.0,0,0,5
u-2016,67,2026-08-06,holdout,17,5,1,0.0,0,0,4
u-2017,67,2026-08-06,holdout,15,5,0,0.0,0,0,3
u-2018,67,2026-08-06,holdout,9,2,1,0.0,0,0,4
u-2019,67,2026-08-06,holdout,10,3,0,0.0,0,0,5
u-2020,67,2026-08-06,holdout,15,8,0,0.0,0,0,2
u-2021,67,2026-08-06,holdout,14,1,0,0.0,0,0,5
u-2022,67,2026-08-06,holdout,12,4,0,0.0,0,0,3
u-2023,67,2026-08-06,holdout,18,4,0,0.0,0,0,4
u-2024,67,2026-08-06,holdout,16,4,0,0.0,0,0,2
u-2025,67,2026-08-06,holdout,6,0,0,8.5,0,1,5
u-2026,67,2026-08-06,holdout,13,0,1,0.0,0,0,5
u-2027,67,2026-08-06,holdout,8,0,0,7.7,0,0,1
u-2028,67,2026-08-06,holdout,11,2,0,0.0,1,1,2
u-2029,67,2026-08-06,holdout,5,0,0,0.0,0,1,4
u-2030,67,2026-08-06,holdout,13,2,0,0.0,0,0,3
u-2031,67,2026-08-06,holdout,16,3,0,0.0,0,0,4
u-2032,67,2026-08-06,holdout,17,3,1,0.0,0,0,2
u-2033,67,2026-08-06,holdout,14,3,0,5.7,0,0,5
u-2034,67,2026-08-06,holdout,4,0,0,21.2,0,0,3
u-2035,67,2026-08-06,holdout,21,2,1,0.0,0,0,4
u-2036,67,2026-08-06,holdout,13,3,0,0.0,0,0,6
u-2037,67,2026-08-06,holdout,15,4,0,0.0,0,0,3
u-2038,67,2026-08-06,holdout,14,3,0,0.0,0,0,7
u-2039,67,2026-08-06,holdout,17,3,1,0.0,0,0,3
u-2040,67,2026-08-06,holdout,17,1,0,0.0,0,0,3
u-2041,67,2026-08-06,holdout,14,4,0,0.0,0,0,2
u-2042,67,2026-08-06,holdout,18,8,1,0.0,0,0,2
u-2043,67,2026-08-06,holdout,17,3,0,0.0,0,0,3
u-2044,67,2026-08-06,holdout,3,2,1,0.0,0,1,1
u-2045,67,2026-08-06,holdout,23,7,0,0.0,0,0,3
u-2046,67,2026-08-06,holdout,26,9,0,0.0,0,0,2
u-2047,67,2026-08-06,holdout,12,2,0,0.0,0,0,2
u-2048,67,2026-08-06,holdout,14,3,2,0.0,0,0,5
u-2049,67,2026-08-06,holdout,32,3,0,0.0,1,0,2
u-2050,67,2026-08-06,holdout,9,3,1,0.0,0,0,6
u-2051,67,2026-08-06,holdout,25,4,2,0.0,0,0,6
u-2052,67,2026-08-06,holdout,32,1,2,0.0,0,2,5
u-2053,67,2026-08-06,holdout,25,2,1,0.0,0,1,4
u-2054,67,2026-08-06,holdout,34,4,1,0.0,0,0,8
u-2055,67,2026-08-06,holdout,40,2,1,0.0,0,1,6
u-2056,67,2026-08-06,holdout,28,5,4,0.0,0,0,7
u-2057,67,2026-08-06,holdout,12,1,1,0.0,0,0,2
u-2058,67,2026-08-06,holdout,3,1,0,0.0,0,1,2
u-2059,67,2026-08-06,holdout,23,6,0,0.0,0,0,1
u-2060,67,2026-08-06,holdout,7,2,1,0.0,0,1,2
u-2001,68,2026-08-07,holdout,61,5,4,0.0,0,1,3
u-2002,68,2026-08-07,holdout,69,6,3,0.0,0,0,5
u-2003,68,2026-08-07,holdout,22,4,4,0.0,0,1,5
u-2004,68,2026-08-07,holdout,58,3,3,0.0,1,0,3
u-2005,68,2026-08-07,holdout,51,2,3,0.0,0,0,2
u-2006,68,2026-08-07,holdout,34,3,3,0.0,0,0,5
u-2007,68,2026-08-07,holdout,20,5,0,6.0,1,0,6
u-2008,68,2026-08-07,holdout,23,5,3,0.0,0,0,5
u-2009,68,2026-08-07,holdout,38,7,0,0.0,0,0,4
u-2010,68,2026-08-07,holdout,18,3,0,0.0,0,0,5
u-2011,68,2026-08-07,holdout,32,5,0,0.0,0,0,6
u-2012,68,2026-08-07,holdout,21,2,1,0.0,0,0,3
u-2013,68,2026-08-07,holdout,62,12,0,0.0,0,0,5
u-2014,68,2026-08-07,holdout,30,4,0,0.0,0,0,3
u-2015,68,2026-08-07,holdout,24,7,0,0.0,0,0,3
u-2016,68,2026-08-07,holdout,13,1,1,0.0,0,0,3
u-2017,68,2026-08-07,holdout,12,5,0,0.0,0,0,1
u-2018,68,2026-08-07,holdout,7,3,0,0.0,0,0,3
u-2019,68,2026-08-07,holdout,13,3,0,0.0,0,0,3
u-2020,68,2026-08-07,holdout,21,5,0,0.0,0,0,5
u-2021,68,2026-08-07,holdout,13,3,0,0.0,0,0,4
u-2022,68,2026-08-07,holdout,10,4,0,0.0,0,1,3
u-2023,68,2026-08-07,holdout,9,3,0,0.0,0,0,2
u-2024,68,2026-08-07,holdout,10,1,0,0.0,0,0,1
u-2025,68,2026-08-07,holdout,8,0,0,0.0,0,0,5
u-2026,68,2026-08-07,holdout,14,1,0,12.4,0,0,1
u-2027,68,2026-08-07,holdout,10,1,1,17.1,0,0,3
u-2028,68,2026-08-07,holdout,12,1,1,0.0,0,0,2
u-2029,68,2026-08-07,holdout,5,1,0,0.0,0,0,5
u-2030,68,2026-08-07,holdout,10,4,2,0.0,1,0,6
u-2031,68,2026-08-07,holdout,11,0,0,5.0,0,0,5
u-2032,68,2026-08-07,holdout,27,6,0,0.0,0,0,5
u-2033,68,2026-08-07,holdout,11,1,0,0.0,0,0,5
u-2034,68,2026-08-07,holdout,14,1,0,3.4,0,0,2
u-2035,68,2026-08-07,holdout,24,6,1,0.0,0,0,7
u-2036,68,2026-08-07,holdout,10,0,0,0.0,0,0,6
u-2037,68,2026-08-07,holdout,19,5,1,0.0,0,0,4
u-2038,68,2026-08-07,holdout,13,5,0,0.0,0,0,5
u-2039,68,2026-08-07,holdout,28,6,2,0.0,0,1,1
u-2040,68,2026-08-07,holdout,16,5,0,0.0,0,0,6
u-2041,68,2026-08-07,holdout,8,0,2,0.0,0,0,3
u-2042,68,2026-08-07,holdout,20,7,1,0.0,1,0,5
u-2043,68,2026-08-07,holdout,14,4,0,0.0,0,0,1
u-2044,68,2026-08-07,holdout,7,0,1,0.0,0,0,3
u-2045,68,2026-08-07,holdout,15,2,0,0.0,0,0,2
u-2046,68,2026-08-07,holdout,12,2,0,0.0,0,0,1
u-2047,68,2026-08-07,holdout,10,3,0,0.0,0,0,6
u-2048,68,2026-08-07,holdout,15,2,1,0.0,0,0,2
u-2049,68,2026-08-07,holdout,24,2,0,0.0,1,0,2
u-2050,68,2026-08-07,holdout,9,2,0,0.0,0,0,4
u-2051,68,2026-08-07,holdout,40,6,4,0.0,0,0,10
u-2052,68,2026-08-07,holdout,37,1,2,0.0,0,0,5
u-2053,68,2026-08-07,holdout,34,2,2,0.0,0,1,11
u-2054,68,2026-08-07,holdout,37,3,1,0.0,0,0,4
u-2055,68,2026-08-07,holdout,36,4,2,0.0,0,0,6
u-2056,68,2026-08-07,holdout,25,1,2,0.0,0,1,7
u-2057,68,2026-08-07,holdout,14,5,1,0.0,0,0,3
u-2058,68,2026-08-07,holdout,12,1,0,0.0,0,0,2
u-2059,68,2026-08-07,holdout,12,4,0,0.0,0,0,1
u-2060,68,2026-08-07,holdout,5,0,0,0.0,0,0,2
u-2001,69,2026-08-08,holdout,6,0,1,0.0,0,0,2
u-2002,69,2026-08-08,holdout,4,1,0,0.0,0,0,3
u-2003,69,2026-08-08,holdout,2,1,1,0.0,0,0,2
u-2004,69,2026-08-08,holdout,2,1,0,0.0,0,0,3
u-2005,69,2026-08-08,holdout,1,0,0,0.0,0,0,1
u-2006,69,2026-08-08,holdout,2,0,0,0.0,0,0,2
u-2007,69,2026-08-08,holdout,1,0,0,0.0,0,0,6
u-2008,69,2026-08-08,holdout,3,0,0,0.0,0,0,8
u-2009,69,2026-08-08,holdout,1,0,0,0.0,0,0,4
u-2010,69,2026-08-08,holdout,3,0,0,0.0,0,0,4
u-2011,69,2026-08-08,holdout,5,2,0,0.0,0,0,4
u-2012,69,2026-08-08,holdout,4,2,0,0.0,0,0,3
u-2013,69,2026-08-08,holdout,10,0,1,0.0,0,0,2
u-2014,69,2026-08-08,holdout,3,1,1,0.0,0,0,3
u-2015,69,2026-08-08,holdout,1,0,1,0.0,0,0,3
u-2016,69,2026-08-08,holdout,2,1,1,0.0,0,0,3
u-2017,69,2026-08-08,holdout,2,0,0,0.0,0,0,3
u-2018,69,2026-08-08,holdout,2,1,0,0.0,0,0,3
u-2019,69,2026-08-08,holdout,0,0,0,0.0,0,0,0
u-2020,69,2026-08-08,holdout,2,1,0,0.0,0,0,3
u-2021,69,2026-08-08,holdout,0,0,0,0.0,0,0,0
u-2022,69,2026-08-08,holdout,2,1,0,0.0,0,0,3
u-2023,69,2026-08-08,holdout,2,0,0,0.0,0,0,2
u-2024,69,2026-08-08,holdout,1,0,0,0.0,0,0,1
u-2025,69,2026-08-08,holdout,0,0,0,0.0,0,0,0
u-2026,69,2026-08-08,holdout,1,0,0,0.0,0,0,3
u-2027,69,2026-08-08,holdout,1,0,0,0.0,0,0,1
u-2028,69,2026-08-08,holdout,2,0,1,0.0,0,0,4
u-2029,69,2026-08-08,holdout,1,0,0,0.0,0,0,3
u-2030,69,2026-08-08,holdout,2,0,0,0.0,0,0,1
u-2031,69,2026-08-08,holdout,1,0,0,0.0,0,0,2
u-2032,69,2026-08-08,holdout,2,0,0,0.0,0,0,1
u-2033,69,2026-08-08,holdout,2,0,1,0.0,0,0,3
u-2034,69,2026-08-08,holdout,0,0,1,0.0,0,0,0
u-2035,69,2026-08-08,holdout,4,1,0,0.0,0,0,4
u-2036,69,2026-08-08,holdout,2,1,0,0.0,0,0,4
u-2037,69,2026-08-08,holdout,1,0,0,0.0,0,0,6
u-2038,69,2026-08-08,holdout,2,0,0,0.0,0,0,5
u-2039,69,2026-08-08,holdout,4,1,0,0.0,0,0,4
u-2040,69,2026-08-08,holdout,2,1,0,0.0,0,0,1
u-2041,69,2026-08-08,holdout,1,0,1,0.0,0,0,7
u-2042,69,2026-08-08,holdout,0,0,0,0.0,0,0,0
u-2043,69,2026-08-08,holdout,0,0,0,0.0,0,0,0
u-2044,69,2026-08-08,holdout,2,0,0,0.0,0,0,1
u-2045,69,2026-08-08,holdout,0,0,0,0.0,0,0,0
u-2046,69,2026-08-08,holdout,4,1,0,0.0,0,0,3
u-2047,69,2026-08-08,holdout,0,0,0,0.0,0,0,0
u-2048,69,2026-08-08,holdout,0,0,0,0.0,0,0,0
u-2049,69,2026-08-08,holdout,4,1,0,0.0,0,0,1
u-2050,69,2026-08-08,holdout,0,0,0,0.0,0,0,0
u-2051,69,2026-08-08,holdout,6,0,1,0.0,0,1,3
u-2052,69,2026-08-08,holdout,1,0,0,0.0,0,0,6
u-2053,69,2026-08-08,holdout,2,1,2,0.0,0,0,8
u-2054,69,2026-08-08,holdout,1,0,0,0.0,0,0,6
u-2055,69,2026-08-08,holdout,5,0,0,0.0,0,0,12
u-2056,69,2026-08-08,holdout,2,0,1,0.0,0,0,6
u-2057,69,2026-08-08,holdout,0,0,0,0.0,0,0,0
u-2058,69,2026-08-08,holdout,2,1,0,0.0,0,0,1
u-2059,69,2026-08-08,holdout,2,1,0,0.0,0,0,1
u-2060,69,2026-08-08,holdout,1,0,1,0.0,0,0,3
u-2001,70,2026-08-09,holdout,2,0,1,0.0,0,0,3
u-2002,70,2026-08-09,holdout,7,1,0,0.0,0,0,2
u-2003,70,2026-08-09,holdout,1,0,0,0.0,0,0,1
u-2004,70,2026-08-09,holdout,4,0,0,0.0,0,0,5
u-2005,70,2026-08-09,holdout,1,1,0,0.0,0,0,4
u-2006,70,2026-08-09,holdout,1,0,0,0.0,0,0,3
u-2007,70,2026-08-09,holdout,1,0,0,0.0,0,0,7
u-2008,70,2026-08-09,holdout,5,0,0,0.0,0,0,3
u-2009,70,2026-08-09,holdout,1,0,0,0.0,0,0,7
u-2010,70,2026-08-09,holdout,2,1,0,0.0,0,0,5
u-2011,70,2026-08-09,holdout,1,0,0,0.0,0,0,4
u-2012,70,2026-08-09,holdout,4,1,0,0.0,0,0,4
u-2013,70,2026-08-09,holdout,6,1,1,0.0,0,0,7
u-2014,70,2026-08-09,holdout,2,1,0,0.0,0,0,8
u-2015,70,2026-08-09,holdout,4,0,1,0.0,0,0,5
u-2016,70,2026-08-09,holdout,0,0,0,0.0,0,0,0
u-2017,70,2026-08-09,holdout,2,0,0,0.0,0,0,3
u-2018,70,2026-08-09,holdout,1,0,0,0.0,0,0,3
u-2019,70,2026-08-09,holdout,1,1,1,0.0,0,0,2
u-2020,70,2026-08-09,holdout,2,1,0,0.0,0,0,2
u-2021,70,2026-08-09,holdout,2,0,0,0.0,0,0,5
u-2022,70,2026-08-09,holdout,0,0,0,0.0,0,0,0
u-2023,70,2026-08-09,holdout,2,1,0,0.0,0,0,2
u-2024,70,2026-08-09,holdout,1,1,0,0.0,0,0,4
u-2025,70,2026-08-09,holdout,3,0,0,0.0,0,0,2
u-2026,70,2026-08-09,holdout,1,0,0,0.0,0,0,5
u-2027,70,2026-08-09,holdout,1,0,0,0.0,0,0,4
u-2028,70,2026-08-09,holdout,0,0,0,0.0,0,0,0
u-2029,70,2026-08-09,holdout,1,0,0,0.0,0,0,3
u-2030,70,2026-08-09,holdout,2,0,0,0.0,0,0,2
u-2031,70,2026-08-09,holdout,2,0,0,0.0,0,0,4
u-2032,70,2026-08-09,holdout,3,1,1,0.0,0,0,4
u-2033,70,2026-08-09,holdout,0,0,0,0.0,0,0,0
u-2034,70,2026-08-09,holdout,0,0,0,0.0,0,0,0
u-2035,70,2026-08-09,holdout,3,1,0,0.0,0,0,3
u-2036,70,2026-08-09,holdout,1,0,1,0.0,0,0,2
u-2037,70,2026-08-09,holdout,1,0,0,0.0,0,0,4
u-2038,70,2026-08-09,holdout,2,1,0,0.0,0,0,6
u-2039,70,2026-08-09,holdout,5,2,0,0.0,0,0,2
u-2040,70,2026-08-09,holdout,2,0,0,0.0,0,0,6
u-2041,70,2026-08-09,holdout,1,0,0,0.0,0,0,6
u-2042,70,2026-08-09,holdout,3,2,1,0.0,0,0,3
u-2043,70,2026-08-09,holdout,0,0,0,0.0,0,0,0
u-2044,70,2026-08-09,holdout,2,1,0,0.0,0,0,6
u-2045,70,2026-08-09,holdout,1,0,0,0.0,0,0,1
u-2046,70,2026-08-09,holdout,3,1,0,0.0,0,0,2
u-2047,70,2026-08-09,holdout,1,0,0,0.0,0,0,5
u-2048,70,2026-08-09,holdout,2,0,0,0.0,0,0,4
u-2049,70,2026-08-09,holdout,0,0,0,0.0,0,0,0
u-2050,70,2026-08-09,holdout,2,1,0,0.0,0,0,2
u-2051,70,2026-08-09,holdout,3,0,0,0.0,0,0,9
u-2052,70,2026-08-09,holdout,4,0,0,0.0,0,0,6
u-2053,70,2026-08-09,holdout,5,1,0,0.0,0,0,4
u-2054,70,2026-08-09,holdout,2,0,1,0.0,0,0,6
u-2055,70,2026-08-09,holdout,3,1,1,0.0,0,0,2
u-2056,70,2026-08-09,holdout,3,0,1,0.0,0,0,6
u-2057,70,2026-08-09,holdout,3,0,0,0.0,0,0,3
u-2058,70,2026-08-09,holdout,3,3,0,0.0,0,0,1
u-2059,70,2026-08-09,holdout,3,1,0,0.0,0,0,2
u-2060,70,2026-08-09,holdout,3,0,0,0.0,0,0,3
u-2001,71,2026-08-10,holdout,22,5,1,0.0,0,0,5
u-2002,71,2026-08-10,holdout,30,5,0,0.0,0,1,3
u-2003,71,2026-08-10,holdout,20,7,0,0.0,0,1,4
u-2004,71,2026-08-10,holdout,33,11,0,0.0,0,0,2
u-2005,71,2026-08-10,holdout,18,4,0,0.0,0,3,4
u-2006,71,2026-08-10,holdout,17,3,1,0.0,0,0,4
u-2007,71,2026-08-10,holdout,19,5,1,0.0,0,0,4
u-2008,71,2026-08-10,holdout,21,4,0,0.0,4,0,8
u-2009,71,2026-08-10,holdout,26,2,1,0.0,0,0,3
u-2010,71,2026-08-10,holdout,17,1,1,0.0,0,0,3
u-2011,71,2026-08-10,holdout,33,9,0,0.0,0,0,2
u-2012,71,2026-08-10,holdout,23,4,0,0.0,0,0,8
u-2013,71,2026-08-10,holdout,52,14,0,0.0,0,0,5
u-2014,71,2026-08-10,holdout,30,3,0,0.0,0,0,5
u-2015,71,2026-08-10,holdout,30,10,0,0.0,0,1,3
u-2016,71,2026-08-10,holdout,22,3,1,90.0,0,0,5
u-2017,71,2026-08-10,holdout,22,7,0,0.0,0,0,5
u-2018,71,2026-08-10,holdout,4,1,0,0.0,0,0,1
u-2019,71,2026-08-10,holdout,11,3,0,0.0,0,0,1
u-2020,71,2026-08-10,holdout,21,6,1,0.0,0,0,4
u-2021,71,2026-08-10,holdout,15,2,0,7.1,0,0,1
u-2022,71,2026-08-10,holdout,5,1,0,0.0,0,0,2
u-2023,71,2026-08-10,holdout,13,2,1,0.0,0,0,1
u-2024,71,2026-08-10,holdout,16,3,0,0.0,0,0,2
u-2025,71,2026-08-10,holdout,10,1,1,0.0,0,0,5
u-2026,71,2026-08-10,holdout,20,2,0,8.3,0,0,1
u-2027,71,2026-08-10,holdout,11,2,0,0.0,0,0,2
u-2028,71,2026-08-10,holdout,15,1,8,0.0,0,1,1
u-2029,71,2026-08-10,holdout,12,1,0,0.0,0,0,1
u-2030,71,2026-08-10,holdout,13,1,1,8.0,0,0,4
u-2031,71,2026-08-10,holdout,12,0,4,5.6,0,0,3
u-2032,71,2026-08-10,holdout,26,3,0,0.0,0,0,3
u-2033,71,2026-08-10,holdout,11,2,1,0.0,0,0,2
u-2034,71,2026-08-10,holdout,7,1,0,3.7,0,0,5
u-2035,71,2026-08-10,holdout,22,6,1,0.0,0,0,1
u-2036,71,2026-08-10,holdout,17,6,0,0.0,0,0,3
u-2037,71,2026-08-10,holdout,17,3,1,0.0,0,0,5
u-2038,71,2026-08-10,holdout,17,4,1,0.0,0,1,4
u-2039,71,2026-08-10,holdout,36,9,0,0.0,0,1,4
u-2040,71,2026-08-10,holdout,15,4,0,0.0,0,2,3
u-2041,71,2026-08-10,holdout,14,5,0,0.0,0,0,7
u-2042,71,2026-08-10,holdout,17,2,0,0.0,0,0,6
u-2043,71,2026-08-10,holdout,12,4,0,0.0,0,0,5
u-2044,71,2026-08-10,holdout,8,1,0,0.0,0,0,5
u-2045,71,2026-08-10,holdout,16,6,0,0.0,0,0,1
u-2046,71,2026-08-10,holdout,17,2,0,0.0,0,1,5
u-2047,71,2026-08-10,holdout,19,4,0,8.2,0,0,3
u-2048,71,2026-08-10,holdout,12,1,1,0.0,0,0,4
u-2049,71,2026-08-10,holdout,27,8,1,0.0,1,0,2
u-2050,71,2026-08-10,holdout,7,0,0,0.0,0,0,2
u-2051,71,2026-08-10,holdout,31,3,0,0.0,0,2,6
u-2052,71,2026-08-10,holdout,29,2,1,0.0,0,0,7
u-2053,71,2026-08-10,holdout,28,0,2,0.0,0,0,6
u-2054,71,2026-08-10,holdout,30,2,1,0.0,0,0,5
u-2055,71,2026-08-10,holdout,23,2,0,0.0,0,0,8
u-2056,71,2026-08-10,holdout,30,3,1,0.0,1,0,10
u-2057,71,2026-08-10,holdout,12,4,0,0.0,0,0,3
u-2058,71,2026-08-10,holdout,12,4,0,0.0,0,0,3
u-2059,71,2026-08-10,holdout,21,10,0,0.0,0,0,3
u-2060,71,2026-08-10,holdout,10,1,0,0.0,0,0,4
u-2001,72,2026-08-11,holdout,27,8,0,0.0,1,0,5
u-2002,72,2026-08-11,holdout,52,5,1,0.0,0,1,4
u-2003,72,2026-08-11,holdout,15,2,0,0.0,0,0,8
u-2004,72,2026-08-11,holdout,34,4,1,0.0,0,0,4
u-2005,72,2026-08-11,holdout,31,5,1,0.0,1,0,3
u-2006,72,2026-08-11,holdout,25,4,0,0.0,0,0,5
u-2007,72,2026-08-11,holdout,18,2,0,0.0,0,0,2
u-2008,72,2026-08-11,holdout,24,6,0,7.8,0,1,4
u-2009,72,2026-08-11,holdout,32,7,0,0.0,0,0,8
u-2010,72,2026-08-11,holdout,27,5,0,0.0,0,0,3
u-2011,72,2026-08-11,holdout,29,4,0,0.0,0,1,1
u-2012,72,2026-08-11,holdout,20,1,0,0.0,0,1,4
u-2013,72,2026-08-11,holdout,54,8,0,0.0,0,1,6
u-2014,72,2026-08-11,holdout,21,4,0,0.0,0,0,3
u-2015,72,2026-08-11,holdout,27,8,1,0.0,0,0,5
u-2016,72,2026-08-11,holdout,18,6,1,90.0,0,0,4
u-2017,72,2026-08-11,holdout,19,7,0,0.0,0,0,5
u-2018,72,2026-08-11,holdout,9,2,3,0.0,0,2,4
u-2019,72,2026-08-11,holdout,10,3,0,0.0,0,0,1
u-2020,72,2026-08-11,holdout,16,7,0,0.0,0,0,3
u-2021,72,2026-08-11,holdout,13,5,0,0.0,0,0,4
u-2022,72,2026-08-11,holdout,7,1,0,0.0,0,0,1
u-2023,72,2026-08-11,holdout,22,5,0,0.0,0,0,2
u-2024,72,2026-08-11,holdout,22,5,0,0.0,0,0,3
u-2025,72,2026-08-11,holdout,8,0,0,0.0,0,0,2
u-2026,72,2026-08-11,holdout,5,0,0,0.0,0,0,2
u-2027,72,2026-08-11,holdout,9,0,1,0.0,0,0,5
u-2028,72,2026-08-11,holdout,14,0,8,0.0,0,0,5
u-2029,72,2026-08-11,holdout,5,1,1,0.0,0,0,5
u-2030,72,2026-08-11,holdout,10,1,0,0.0,0,0,4
u-2031,72,2026-08-11,holdout,12,2,0,0.0,0,0,1
u-2032,72,2026-08-11,holdout,16,4,0,0.0,0,0,5
u-2033,72,2026-08-11,holdout,18,1,0,0.0,0,0,3
u-2034,72,2026-08-11,holdout,10,3,0,0.0,0,0,2
u-2035,72,2026-08-11,holdout,17,6,0,0.0,0,0,4
u-2036,72,2026-08-11,holdout,13,5,1,0.0,0,0,7
u-2037,72,2026-08-11,holdout,21,5,0,0.0,0,0,7
u-2038,72,2026-08-11,holdout,15,1,2,0.0,0,0,2
u-2039,72,2026-08-11,holdout,24,3,0,0.0,0,0,3
u-2040,72,2026-08-11,holdout,12,2,1,0.0,0,0,4
u-2041,72,2026-08-11,holdout,7,0,1,0.0,0,0,5
u-2042,72,2026-08-11,holdout,33,8,0,0.0,0,0,1
u-2043,72,2026-08-11,holdout,20,3,0,0.0,0,0,3
u-2044,72,2026-08-11,holdout,14,2,0,0.0,0,0,4
u-2045,72,2026-08-11,holdout,20,1,0,0.0,0,0,2
u-2046,72,2026-08-11,holdout,28,6,1,0.0,0,0,4
u-2047,72,2026-08-11,holdout,16,2,0,0.0,0,0,4
u-2048,72,2026-08-11,holdout,13,4,0,0.0,0,0,1
u-2049,72,2026-08-11,holdout,26,5,0,0.0,0,0,4
u-2050,72,2026-08-11,holdout,8,3,0,0.0,0,0,3
u-2051,72,2026-08-11,holdout,33,4,2,0.0,0,0,5
u-2052,72,2026-08-11,holdout,38,3,2,2.2,0,3,10
u-2053,72,2026-08-11,holdout,34,3,1,0.0,0,0,8
u-2054,72,2026-08-11,holdout,26,1,3,0.0,0,0,7
u-2055,72,2026-08-11,holdout,32,3,1,0.0,0,1,7
u-2056,72,2026-08-11,holdout,32,4,4,0.0,0,0,7
u-2057,72,2026-08-11,holdout,19,6,0,0.0,0,1,2
u-2058,72,2026-08-11,holdout,5,1,0,0.0,0,0,1
u-2059,72,2026-08-11,holdout,22,8,1,0.0,0,0,3
u-2060,72,2026-08-11,holdout,8,3,0,0.0,0,0,1
u-2001,73,2026-08-12,holdout,28,5,2,0.0,0,0,3
u-2002,73,2026-08-12,holdout,37,3,0,0.0,0,1,1
u-2003,73,2026-08-12,holdout,17,5,0,0.0,0,0,2
u-2004,73,2026-08-12,holdout,53,6,0,0.0,0,0,2
u-2005,73,2026-08-12,holdout,37,7,1,0.0,0,1,7
u-2006,73,2026-08-12,holdout,28,4,0,0.0,0,0,8
u-2007,73,2026-08-12,holdout,18,2,0,0.0,0,1,1
u-2008,73,2026-08-12,holdout,24,5,0,0.0,1,0,5
u-2009,73,2026-08-12,holdout,19,0,2,0.0,0,1,5
u-2010,73,2026-08-12,holdout,19,3,0,0.0,1,1,5
u-2011,73,2026-08-12,holdout,28,5,0,0.0,0,1,2
u-2012,73,2026-08-12,holdout,31,4,0,0.0,0,0,6
u-2013,73,2026-08-12,holdout,65,17,0,0.0,0,1,5
u-2014,73,2026-08-12,holdout,26,3,0,0.0,0,0,8
u-2015,73,2026-08-12,holdout,12,4,0,0.0,0,0,4
u-2016,73,2026-08-12,holdout,24,12,1,90.0,0,0,5
u-2017,73,2026-08-12,holdout,30,5,0,0.0,0,1,2
u-2018,73,2026-08-12,holdout,9,2,0,0.0,0,0,3
u-2019,73,2026-08-12,holdout,9,0,0,0.0,0,0,5
u-2020,73,2026-08-12,holdout,23,7,0,0.0,0,0,3
u-2021,73,2026-08-12,holdout,13,3,0,0.0,0,0,4
u-2022,73,2026-08-12,holdout,12,1,0,0.0,0,0,2
u-2023,73,2026-08-12,holdout,13,3,0,0.0,0,0,3
u-2024,73,2026-08-12,holdout,17,3,0,0.0,0,0,3
u-2025,73,2026-08-12,holdout,6,3,2,0.0,0,0,5
u-2026,73,2026-08-12,holdout,8,1,7,0.0,0,25,1
u-2027,73,2026-08-12,holdout,15,2,1,0.0,0,2,1
u-2028,73,2026-08-12,holdout,8,0,8,0.0,0,1,2
u-2029,73,2026-08-12,holdout,8,0,2,11.0,1,1,4
u-2030,73,2026-08-12,holdout,12,1,0,0.0,0,0,4
u-2031,73,2026-08-12,holdout,11,1,1,0.0,0,0,1
u-2032,73,2026-08-12,holdout,16,4,0,1.6,0,0,4
u-2033,73,2026-08-12,holdout,11,0,0,0.0,0,0,3
u-2034,73,2026-08-12,holdout,7,1,0,0.0,0,0,4
u-2035,73,2026-08-12,holdout,15,5,0,0.0,0,0,3
u-2036,73,2026-08-12,holdout,19,3,0,21.4,0,0,6
u-2037,73,2026-08-12,holdout,14,1,0,0.0,0,0,7
u-2038,73,2026-08-12,holdout,12,2,0,0.0,0,0,4
u-2039,73,2026-08-12,holdout,18,3,1,0.0,0,1,1
u-2040,73,2026-08-12,holdout,18,3,0,0.0,0,1,3
u-2041,73,2026-08-12,holdout,21,9,0,0.0,0,1,6
u-2042,73,2026-08-12,holdout,14,2,1,0.0,1,0,4
u-2043,73,2026-08-12,holdout,20,2,0,0.0,0,0,6
u-2044,73,2026-08-12,holdout,11,4,0,0.0,0,0,1
u-2045,73,2026-08-12,holdout,12,2,0,0.0,0,0,6
u-2046,73,2026-08-12,holdout,28,7,0,0.0,0,0,5
u-2047,73,2026-08-12,holdout,8,3,0,0.0,0,0,6
u-2048,73,2026-08-12,holdout,14,4,0,0.0,0,0,6
u-2049,73,2026-08-12,holdout,27,9,0,0.0,0,2,2
u-2050,73,2026-08-12,holdout,9,0,0,0.0,0,0,2
u-2051,73,2026-08-12,holdout,30,4,4,0.0,0,0,5
u-2052,73,2026-08-12,holdout,39,4,5,0.0,0,0,11
u-2053,73,2026-08-12,holdout,37,3,1,0.0,0,0,11
u-2054,73,2026-08-12,holdout,30,3,1,0.0,0,0,4
u-2055,73,2026-08-12,holdout,34,0,1,0.0,1,0,8
u-2056,73,2026-08-12,holdout,15,3,1,0.0,0,0,1
u-2057,73,2026-08-12,holdout,18,5,0,0.0,0,0,4
u-2058,73,2026-08-12,holdout,10,2,0,0.0,0,0,2
u-2059,73,2026-08-12,holdout,13,6,0,0.0,0,0,3
u-2060,73,2026-08-12,holdout,7,5,0,0.0,0,0,4
u-2001,74,2026-08-13,holdout,32,12,0,0.0,0,0,3
u-2002,74,2026-08-13,holdout,38,7,1,0.0,0,0,5
u-2003,74,2026-08-13,holdout,126,25,0,0.0,2,0,8
u-2004,74,2026-08-13,holdout,38,9,0,0.0,0,1,7
u-2005,74,2026-08-13,holdout,34,3,0,0.0,0,1,6
u-2006,74,2026-08-13,holdout,18,3,0,0.0,0,0,2
u-2007,74,2026-08-13,holdout,9,4,0,0.0,0,0,4
u-2008,74,2026-08-13,holdout,16,6,1,0.0,0,1,6
u-2009,74,2026-08-13,holdout,28,3,1,0.0,0,0,3
u-2010,74,2026-08-13,holdout,22,0,3,0.0,1,0,4
u-2011,74,2026-08-13,holdout,17,4,1,0.0,0,0,5
u-2012,74,2026-08-13,holdout,21,1,0,0.0,0,0,2
u-2013,74,2026-08-13,holdout,62,9,1,0.0,0,1,5
u-2014,74,2026-08-13,holdout,29,5,0,0.0,0,0,6
u-2015,74,2026-08-13,holdout,29,8,0,0.0,0,0,5
u-2016,74,2026-08-13,holdout,14,6,1,90.0,0,0,1
u-2017,74,2026-08-13,holdout,27,7,0,4.5,0,0,4
u-2018,74,2026-08-13,holdout,7,3,0,0.0,0,0,3
u-2019,74,2026-08-13,holdout,12,5,0,0.0,0,1,3
u-2020,74,2026-08-13,holdout,19,6,0,0.0,0,0,2
u-2021,74,2026-08-13,holdout,17,3,0,0.0,1,0,3
u-2022,74,2026-08-13,holdout,9,2,0,0.0,1,1,5
u-2023,74,2026-08-13,holdout,17,2,1,0.0,0,0,4
u-2024,74,2026-08-13,holdout,17,2,0,0.0,0,0,1
u-2025,74,2026-08-13,holdout,6,0,1,0.0,0,0,1
u-2026,74,2026-08-13,holdout,13,0,1,0.0,0,0,3
u-2027,74,2026-08-13,holdout,14,2,0,0.0,0,0,5
u-2028,74,2026-08-13,holdout,10,2,0,0.0,0,0,2
u-2029,74,2026-08-13,holdout,4,0,2,8.7,0,0,1
u-2030,74,2026-08-13,holdout,7,0,0,8.2,0,0,2
u-2031,74,2026-08-13,holdout,16,3,0,16.2,0,0,5
u-2032,74,2026-08-13,holdout,29,7,0,0.0,1,0,6
u-2033,74,2026-08-13,holdout,16,4,0,0.0,0,0,3
u-2034,74,2026-08-13,holdout,6,2,1,0.0,0,0,5
u-2035,74,2026-08-13,holdout,32,11,1,0.0,0,0,4
u-2036,74,2026-08-13,holdout,20,5,0,0.0,0,0,2
u-2037,74,2026-08-13,holdout,23,1,1,0.0,0,0,5
u-2038,74,2026-08-13,holdout,13,2,1,0.0,0,0,4
u-2039,74,2026-08-13,holdout,20,4,1,0.0,0,1,3
u-2040,74,2026-08-13,holdout,10,2,0,0.0,0,0,4
u-2041,74,2026-08-13,holdout,17,2,0,0.0,0,0,2
u-2042,74,2026-08-13,holdout,26,2,2,0.0,0,1,2
u-2043,74,2026-08-13,holdout,13,4,1,0.0,0,0,2
u-2044,74,2026-08-13,holdout,10,2,0,0.0,0,0,1
u-2045,74,2026-08-13,holdout,15,4,0,0.0,0,0,1
u-2046,74,2026-08-13,holdout,29,5,0,0.0,0,0,4
u-2047,74,2026-08-13,holdout,14,1,1,0.0,0,0,3
u-2048,74,2026-08-13,holdout,11,3,0,0.0,0,0,4
u-2049,74,2026-08-13,holdout,26,6,0,0.0,0,0,2
u-2050,74,2026-08-13,holdout,6,1,0,0.0,0,1,6
u-2051,74,2026-08-13,holdout,26,4,2,0.0,0,2,3
u-2052,74,2026-08-13,holdout,29,2,3,0.0,0,0,6
u-2053,74,2026-08-13,holdout,20,1,2,0.0,0,0,9
u-2054,74,2026-08-13,holdout,27,2,0,0.0,0,0,4
u-2055,74,2026-08-13,holdout,31,3,1,0.0,0,1,5
u-2056,74,2026-08-13,holdout,20,1,2,0.0,0,0,3
u-2057,74,2026-08-13,holdout,20,8,0,0.0,0,0,3
u-2058,74,2026-08-13,holdout,13,3,0,0.0,0,0,3
u-2059,74,2026-08-13,holdout,17,5,0,0.0,0,0,3
u-2060,74,2026-08-13,holdout,12,5,0,0.0,0,0,4
u-2001,75,2026-08-14,holdout,29,5,1,0.0,0,0,2
u-2002,75,2026-08-14,holdout,32,2,2,0.0,0,0,3
u-2003,75,2026-08-14,holdout,15,6,1,0.0,0,0,4
u-2004,75,2026-08-14,holdout,27,6,1,0.0,0,0,5
u-2005,75,2026-08-14,holdout,31,6,1,0.0,0,0,2
u-2006,75,2026-08-14,holdout,22,3,0,0.0,0,1,1
u-2007,75,2026-08-14,holdout,18,2,0,0.0,0,0,3
u-2008,75,2026-08-14,holdout,17,3,0,0.0,0,0,5
u-2009,75,2026-08-14,holdout,40,9,0,0.0,1,0,4
u-2010,75,2026-08-14,holdout,21,5,0,0.0,0,0,5
u-2011,75,2026-08-14,holdout,29,5,0,0.0,0,0,1
u-2012,75,2026-08-14,holdout,23,5,0,0.0,0,1,3
u-2013,75,2026-08-14,holdout,56,14,1,0.0,0,0,4
u-2014,75,2026-08-14,holdout,39,9,0,0.0,0,0,3
u-2015,75,2026-08-14,holdout,38,7,2,0.0,0,0,1
u-2016,75,2026-08-14,holdout,16,12,1,90.0,0,0,4
u-2017,75,2026-08-14,holdout,16,6,0,0.0,0,0,3
u-2018,75,2026-08-14,holdout,11,6,1,0.0,0,0,5
u-2019,75,2026-08-14,holdout,17,3,1,3.8,0,0,1
u-2020,75,2026-08-14,holdout,21,8,2,0.0,0,0,4
u-2021,75,2026-08-14,holdout,14,6,0,0.0,0,0,2
u-2022,75,2026-08-14,holdout,15,3,0,0.0,0,0,3
u-2023,75,2026-08-14,holdout,14,4,0,0.0,0,0,5
u-2024,75,2026-08-14,holdout,18,3,1,0.0,0,0,2
u-2025,75,2026-08-14,holdout,10,1,0,0.0,0,1,1
u-2026,75,2026-08-14,holdout,6,2,0,10.0,0,0,4
u-2027,75,2026-08-14,holdout,12,2,0,0.0,0,0,3
u-2028,75,2026-08-14,holdout,5,0,0,0.0,0,0,2
u-2029,75,2026-08-14,holdout,5,0,0,0.0,0,0,1
u-2030,75,2026-08-14,holdout,15,1,1,3.9,0,0,1
u-2031,75,2026-08-14,holdout,13,2,0,0.0,0,0,3
u-2032,75,2026-08-14,holdout,24,2,0,12.7,0,0,5
u-2033,75,2026-08-14,holdout,17,2,0,0.0,0,0,4
u-2034,75,2026-08-14,holdout,15,2,0,0.0,0,0,1
u-2035,75,2026-08-14,holdout,35,10,1,9.7,0,0,1
u-2036,75,2026-08-14,holdout,15,1,0,0.0,0,1,5
u-2037,75,2026-08-14,holdout,14,3,0,0.0,0,0,5
u-2038,75,2026-08-14,holdout,22,2,0,0.0,1,0,3
u-2039,75,2026-08-14,holdout,20,2,1,0.0,0,0,2
u-2040,75,2026-08-14,holdout,16,2,2,0.0,1,0,5
u-2041,75,2026-08-14,holdout,9,4,0,0.0,1,0,2
u-2042,75,2026-08-14,holdout,28,6,1,0.0,0,0,2
u-2043,75,2026-08-14,holdout,15,4,0,0.0,0,0,3
u-2044,75,2026-08-14,holdout,8,1,0,0.0,0,0,2
u-2045,75,2026-08-14,holdout,12,4,0,0.0,0,1,3
u-2046,75,2026-08-14,holdout,20,4,0,0.0,0,0,2
u-2047,75,2026-08-14,holdout,17,2,0,0.0,0,0,1
u-2048,75,2026-08-14,holdout,16,1,0,0.0,0,1,3
u-2049,75,2026-08-14,holdout,31,3,0,0.0,0,0,2
u-2050,75,2026-08-14,holdout,14,1,0,0.0,0,0,4
u-2051,75,2026-08-14,holdout,44,5,2,0.0,0,0,3
u-2052,75,2026-08-14,holdout,29,1,4,0.0,0,0,11
u-2053,75,2026-08-14,holdout,31,2,0,0.0,1,1,5
u-2054,75,2026-08-14,holdout,30,0,1,0.0,0,0,4
u-2055,75,2026-08-14,holdout,39,3,4,0.0,0,0,3
u-2056,75,2026-08-14,holdout,30,5,2,0.0,0,0,7
u-2057,75,2026-08-14,holdout,13,3,0,0.0,0,0,1
u-2058,75,2026-08-14,holdout,14,4,1,0.0,0,0,3
u-2059,75,2026-08-14,holdout,16,9,0,0.0,0,0,1
u-2060,75,2026-08-14,holdout,12,5,0,0.0,0,0,2
u-2001,76,2026-08-15,holdout,2,1,0,0.0,0,0,6
u-2002,76,2026-08-15,holdout,2,1,0,0.0,0,0,5
u-2003,76,2026-08-15,holdout,1,0,0,0.0,0,0,4
u-2004,76,2026-08-15,holdout,3,0,0,0.0,0,0,3
u-2005,76,2026-08-15,holdout,2,0,0,0.0,0,0,3
u-2006,76,2026-08-15,holdout,1,0,0,0.0,0,0,2
u-2007,76,2026-08-15,holdout,1,0,0,0.0,0,0,4
u-2008,76,2026-08-15,holdout,3,0,0,0.0,0,0,5
u-2009,76,2026-08-15,holdout,6,0,2,0.0,0,0,3
u-2010,76,2026-08-15,holdout,3,0,0,0.0,0,0,7
u-2011,76,2026-08-15,holdout,0,0,0,0.0,0,0,0
u-2012,76,2026-08-15,holdout,1,0,1,0.0,0,0,3
u-2013,76,2026-08-15,holdout,5,2,0,0.0,0,0,4
u-2014,76,2026-08-15,holdout,2,0,0,0.0,0,0,7
u-2015,76,2026-08-15,holdout,1,0,0,0.0,0,0,5
u-2016,76,2026-08-15,holdout,3,2,1,0.0,0,0,2
u-2017,76,2026-08-15,holdout,2,0,0,0.0,0,0,5
u-2018,76,2026-08-15,holdout,1,0,0,0.0,0,0,2
u-2019,76,2026-08-15,holdout,1,0,0,0.0,0,0,1
u-2020,76,2026-08-15,holdout,2,0,0,0.0,0,0,3
u-2021,76,2026-08-15,holdout,1,0,0,0.0,0,0,4
u-2022,76,2026-08-15,holdout,2,1,0,0.0,0,0,5
u-2023,76,2026-08-15,holdout,1,0,0,0.0,0,0,3
u-2024,76,2026-08-15,holdout,1,0,0,0.0,0,0,5
u-2025,76,2026-08-15,holdout,2,0,0,0.0,0,0,4
u-2026,76,2026-08-15,holdout,1,0,0,0.0,0,0,2
u-2027,76,2026-08-15,holdout,2,0,0,0.0,0,1,1
u-2028,76,2026-08-15,holdout,0,0,0,0.0,0,0,0
u-2029,76,2026-08-15,holdout,1,0,0,0.0,0,0,3
u-2030,76,2026-08-15,holdout,0,0,0,0.0,0,0,0
u-2031,76,2026-08-15,holdout,2,0,0,0.0,0,0,4
u-2032,76,2026-08-15,holdout,1,0,0,0.0,0,0,3
u-2033,76,2026-08-15,holdout,1,0,0,0.0,0,0,3
u-2034,76,2026-08-15,holdout,0,0,0,0.0,0,0,0
u-2035,76,2026-08-15,holdout,1,1,0,0.0,0,0,6
u-2036,76,2026-08-15,holdout,2,0,0,0.0,0,0,5
u-2037,76,2026-08-15,holdout,1,1,1,0.0,0,0,4
u-2038,76,2026-08-15,holdout,1,0,0,0.0,0,0,7
u-2039,76,2026-08-15,holdout,0,0,2,0.0,0,0,0
u-2040,76,2026-08-15,holdout,1,0,0,0.0,0,0,6
u-2041,76,2026-08-15,holdout,0,0,1,0.0,0,0,0
u-2042,76,2026-08-15,holdout,3,1,0,0.0,0,0,3
u-2043,76,2026-08-15,holdout,1,0,0,0.0,0,0,2
u-2044,76,2026-08-15,holdout,3,0,0,0.0,0,0,3
u-2045,76,2026-08-15,holdout,1,0,0,0.0,0,0,5
u-2046,76,2026-08-15,holdout,0,0,0,0.0,0,0,0
u-2047,76,2026-08-15,holdout,0,0,0,0.0,0,0,0
u-2048,76,2026-08-15,holdout,2,0,0,0.0,0,0,2
u-2049,76,2026-08-15,holdout,0,0,0,0.0,0,0,0
u-2050,76,2026-08-15,holdout,0,0,0,0.0,0,0,0
u-2051,76,2026-08-15,holdout,4,0,2,0.0,0,0,2
u-2052,76,2026-08-15,holdout,1,0,2,0.0,0,0,12
u-2053,76,2026-08-15,holdout,4,0,2,0.0,0,0,2
u-2054,76,2026-08-15,holdout,5,1,2,0.0,0,0,12
u-2055,76,2026-08-15,holdout,3,0,0,0.0,0,0,7
u-2056,76,2026-08-15,holdout,3,2,0,0.0,0,0,2
u-2057,76,2026-08-15,holdout,1,0,0,0.0,0,0,1
u-2058,76,2026-08-15,holdout,3,1,0,0.0,0,0,4
u-2059,76,2026-08-15,holdout,2,0,0,0.0,0,0,4
u-2060,76,2026-08-15,holdout,0,0,0,0.0,0,0,0
u-2001,77,2026-08-16,holdout,2,0,2,0.0,0,1,4
u-2002,77,2026-08-16,holdout,3,0,0,0.0,0,0,3
u-2003,77,2026-08-16,holdout,1,1,0,0.0,0,0,2
u-2004,77,2026-08-16,holdout,8,1,0,0.0,0,0,4
u-2005,77,2026-08-16,holdout,3,0,0,0.0,0,0,1
u-2006,77,2026-08-16,holdout,1,0,1,0.0,0,0,6
u-2007,77,2026-08-16,holdout,3,2,0,0.0,0,0,8
u-2008,77,2026-08-16,holdout,4,0,1,0.0,0,0,7
u-2009,77,2026-08-16,holdout,4,2,1,0.0,0,0,3
u-2010,77,2026-08-16,holdout,3,0,0,0.0,0,0,2
u-2011,77,2026-08-16,holdout,1,0,1,0.0,0,0,3
u-2012,77,2026-08-16,holdout,1,0,0,0.0,0,0,4
u-2013,77,2026-08-16,holdout,4,1,0,0.0,0,0,4
u-2014,77,2026-08-16,holdout,6,3,0,0.0,0,0,5
u-2015,77,2026-08-16,holdout,2,1,0,0.0,0,0,4
u-2016,77,2026-08-16,holdout,0,0,1,0.0,0,0,0
u-2017,77,2026-08-16,holdout,1,0,0,0.0,0,0,2
u-2018,77,2026-08-16,holdout,2,2,0,0.0,0,0,4
u-2019,77,2026-08-16,holdout,0,0,0,0.0,0,1,0
u-2020,77,2026-08-16,holdout,4,1,0,0.0,0,0,4
u-2021,77,2026-08-16,holdout,2,1,0,0.0,0,0,2
u-2022,77,2026-08-16,holdout,2,0,0,0.0,0,0,1
u-2023,77,2026-08-16,holdout,0,0,0,0.0,0,0,0
u-2024,77,2026-08-16,holdout,1,1,0,0.0,0,0,5
u-2025,77,2026-08-16,holdout,0,0,0,0.0,0,0,0
u-2026,77,2026-08-16,holdout,2,0,0,0.0,0,0,3
u-2027,77,2026-08-16,holdout,0,0,0,0.0,0,0,0
u-2028,77,2026-08-16,holdout,0,0,0,0.0,0,0,0
u-2029,77,2026-08-16,holdout,1,0,0,0.0,0,0,4
u-2030,77,2026-08-16,holdout,0,0,0,0.0,0,0,0
u-2031,77,2026-08-16,holdout,2,0,0,0.0,0,0,2
u-2032,77,2026-08-16,holdout,4,1,2,0.0,0,0,3
u-2033,77,2026-08-16,holdout,2,0,0,0.0,0,0,5
u-2034,77,2026-08-16,holdout,1,0,1,0.0,0,0,5
u-2035,77,2026-08-16,holdout,1,0,0,0.0,0,0,7
u-2036,77,2026-08-16,holdout,0,0,0,0.0,0,0,0
u-2037,77,2026-08-16,holdout,3,1,1,0.0,0,0,3
u-2038,77,2026-08-16,holdout,1,0,0,0.0,0,0,1
u-2039,77,2026-08-16,holdout,3,0,0,0.0,0,0,4
u-2040,77,2026-08-16,holdout,1,1,0,0.0,0,0,3
u-2041,77,2026-08-16,holdout,1,0,0,0.0,0,0,4
u-2042,77,2026-08-16,holdout,1,1,0,0.0,0,0,4
u-2043,77,2026-08-16,holdout,2,0,0,0.0,0,0,6
u-2044,77,2026-08-16,holdout,0,0,0,0.0,0,0,0
u-2045,77,2026-08-16,holdout,4,1,0,0.0,0,0,1
u-2046,77,2026-08-16,holdout,3,0,0,0.0,0,0,2
u-2047,77,2026-08-16,holdout,3,0,0,0.0,0,0,2
u-2048,77,2026-08-16,holdout,1,0,0,0.0,0,0,1
u-2049,77,2026-08-16,holdout,5,2,0,0.0,0,0,4
u-2050,77,2026-08-16,holdout,0,0,0,0.0,0,0,0
u-2051,77,2026-08-16,holdout,2,1,1,0.0,0,0,7
u-2052,77,2026-08-16,holdout,3,1,2,0.0,0,0,6
u-2053,77,2026-08-16,holdout,2,0,1,0.0,0,0,6
u-2054,77,2026-08-16,holdout,2,2,2,0.0,0,0,3
u-2055,77,2026-08-16,holdout,3,0,1,0.0,0,0,3
u-2056,77,2026-08-16,holdout,4,1,0,0.0,0,0,4
u-2057,77,2026-08-16,holdout,0,0,1,0.0,0,0,0
u-2058,77,2026-08-16,holdout,1,0,0,0.0,0,0,2
u-2059,77,2026-08-16,holdout,1,0,0,0.0,0,0,1
u-2060,77,2026-08-16,holdout,0,0,0,0.0,0,0,0
u-2001,78,2026-08-17,holdout,35,9,2,0.0,0,0,2
u-2002,78,2026-08-17,holdout,38,4,0,0.0,0,0,2
u-2003,78,2026-08-17,holdout,14,6,0,0.0,0,0,2
u-2004,78,2026-08-17,holdout,38,9,0,0.0,1,0,4
u-2005,78,2026-08-17,holdout,24,3,1,0.0,0,0,3
u-2006,78,2026-08-17,holdout,27,3,1,0.0,0,0,4
u-2007,78,2026-08-17,holdout,9,3,1,0.0,0,0,3
u-2008,78,2026-08-17,holdout,19,6,0,0.0,0,0,8
u-2009,78,2026-08-17,holdout,41,5,0,0.0,0,0,2
u-2010,78,2026-08-17,holdout,25,4,0,0.0,0,1,2
u-2011,78,2026-08-17,holdout,26,7,1,0.0,0,0,8
u-2012,78,2026-08-17,holdout,20,3,1,0.0,0,0,4
u-2013,78,2026-08-17,holdout,49,5,0,0.0,1,0,6
u-2014,78,2026-08-17,holdout,29,7,1,0.0,0,0,2
u-2015,78,2026-08-17,holdout,31,9,0,0.0,0,0,5
u-2016,78,2026-08-17,holdout,18,12,1,90.0,0,0,1
u-2017,78,2026-08-17,holdout,23,4,0,0.0,0,0,4
u-2018,78,2026-08-17,holdout,11,4,1,0.0,0,0,4
u-2019,78,2026-08-17,holdout,14,4,0,0.0,0,1,3
u-2020,78,2026-08-17,holdout,23,6,1,0.0,0,1,2
u-2021,78,2026-08-17,holdout,15,2,2,0.0,0,1,5
u-2022,78,2026-08-17,holdout,9,2,0,0.0,0,0,3
u-2023,78,2026-08-17,holdout,16,3,0,0.0,0,2,4
u-2024,78,2026-08-17,holdout,11,2,0,0.0,0,0,2
u-2025,78,2026-08-17,holdout,3,0,0,0.0,0,0,1
u-2026,78,2026-08-17,holdout,17,3,0,0.0,0,0,2
u-2027,78,2026-08-17,holdout,30,16,0,800.0,0,0,1
u-2028,78,2026-08-17,holdout,10,1,0,0.0,0,0,2
u-2029,78,2026-08-17,holdout,3,0,0,0.0,0,1,5
u-2030,78,2026-08-17,holdout,16,4,0,0.0,0,0,1
u-2031,78,2026-08-17,holdout,16,1,0,0.0,0,0,2
u-2032,78,2026-08-17,holdout,26,7,0,0.0,0,0,5
u-2033,78,2026-08-17,holdout,13,0,2,0.0,1,1,5
u-2034,78,2026-08-17,holdout,13,0,0,0.0,0,0,5
u-2035,78,2026-08-17,holdout,22,6,0,0.0,0,0,5
u-2036,78,2026-08-17,holdout,12,3,2,0.0,0,0,3
u-2037,78,2026-08-17,holdout,15,4,1,0.0,0,0,3
u-2038,78,2026-08-17,holdout,22,6,0,0.0,2,0,5
u-2039,78,2026-08-17,holdout,18,2,0,0.0,0,0,4
u-2040,78,2026-08-17,holdout,19,2,1,0.0,0,0,3
u-2041,78,2026-08-17,holdout,13,2,0,6.3,0,0,6
u-2042,78,2026-08-17,holdout,23,4,1,0.0,0,0,2
u-2043,78,2026-08-17,holdout,13,4,0,0.0,0,1,3
u-2044,78,2026-08-17,holdout,11,3,0,3.8,0,0,5
u-2045,78,2026-08-17,holdout,11,2,1,0.0,0,1,5
u-2046,78,2026-08-17,holdout,20,4,0,0.0,0,0,2
u-2047,78,2026-08-17,holdout,18,0,0,0.0,0,0,1
u-2048,78,2026-08-17,holdout,24,5,0,0.0,0,1,3
u-2049,78,2026-08-17,holdout,26,5,0,0.0,0,0,3
u-2050,78,2026-08-17,holdout,11,4,0,0.0,0,0,2
u-2051,78,2026-08-17,holdout,26,0,2,0.0,0,0,3
u-2052,78,2026-08-17,holdout,24,3,1,0.0,0,0,3
u-2053,78,2026-08-17,holdout,29,2,1,0.0,0,0,6
u-2054,78,2026-08-17,holdout,20,1,2,0.0,0,1,9
u-2055,78,2026-08-17,holdout,30,2,1,0.0,0,0,7
u-2056,78,2026-08-17,holdout,23,3,0,0.0,0,0,8
u-2057,78,2026-08-17,holdout,12,4,0,0.0,0,0,3
u-2058,78,2026-08-17,holdout,12,4,1,0.0,0,0,4
u-2059,78,2026-08-17,holdout,23,7,0,0.0,0,0,2
u-2060,78,2026-08-17,holdout,6,1,1,4.6,0,1,4
u-2001,79,2026-08-18,holdout,29,7,0,0.0,0,0,3
u-2002,79,2026-08-18,holdout,38,1,0,0.0,0,0,1
u-2003,79,2026-08-18,holdout,13,3,0,0.0,0,0,3
u-2004,79,2026-08-18,holdout,40,10,1,0.0,1,0,4
u-2005,79,2026-08-18,holdout,24,2,1,0.0,0,0,2
u-2006,79,2026-08-18,holdout,21,6,1,0.0,0,0,4
u-2007,79,2026-08-18,holdout,10,3,0,0.0,0,1,2
u-2008,79,2026-08-18,holdout,17,4,1,0.0,0,0,7
u-2009,79,2026-08-18,holdout,33,3,0,0.0,0,1,3
u-2010,79,2026-08-18,holdout,29,7,0,0.0,0,0,6
u-2011,79,2026-08-18,holdout,37,9,2,0.0,0,0,6
u-2012,79,2026-08-18,holdout,29,4,0,0.0,0,0,3
u-2013,79,2026-08-18,holdout,73,15,2,0.0,0,1,3
u-2014,79,2026-08-18,holdout,42,10,1,0.0,0,0,1
u-2015,79,2026-08-18,holdout,22,10,1,0.0,0,0,1
u-2016,79,2026-08-18,holdout,16,9,1,90.0,0,0,4
u-2017,79,2026-08-18,holdout,18,5,1,0.0,0,0,3
u-2018,79,2026-08-18,holdout,15,5,0,0.0,0,0,4
u-2019,79,2026-08-18,holdout,12,2,0,7.6,0,0,5
u-2020,79,2026-08-18,holdout,16,6,0,0.0,0,0,2
u-2021,79,2026-08-18,holdout,17,6,0,0.0,0,0,4
u-2022,79,2026-08-18,holdout,7,1,0,0.0,0,0,2
u-2023,79,2026-08-18,holdout,16,7,0,0.0,0,1,1
u-2024,79,2026-08-18,holdout,17,2,0,0.0,0,0,5
u-2025,79,2026-08-18,holdout,11,0,0,0.0,0,0,5
u-2026,79,2026-08-18,holdout,11,1,0,0.0,0,0,4
u-2027,79,2026-08-18,holdout,7,0,0,0.0,0,0,1
u-2028,79,2026-08-18,holdout,7,1,0,0.0,0,1,1
u-2029,79,2026-08-18,holdout,12,3,1,0.0,0,0,4
u-2030,79,2026-08-18,holdout,11,0,0,0.0,0,0,2
u-2031,79,2026-08-18,holdout,14,3,1,0.0,0,0,2
u-2032,79,2026-08-18,holdout,23,0,0,0.0,0,0,3
u-2033,79,2026-08-18,holdout,17,3,1,0.0,0,0,1
u-2034,79,2026-08-18,holdout,12,2,1,7.9,0,0,5
u-2035,79,2026-08-18,holdout,18,3,0,0.0,0,0,3
u-2036,79,2026-08-18,holdout,19,4,0,0.0,0,0,6
u-2037,79,2026-08-18,holdout,18,5,0,0.0,0,0,2
u-2038,79,2026-08-18,holdout,22,7,1,0.0,0,0,7
u-2039,79,2026-08-18,holdout,29,5,0,0.0,0,0,6
u-2040,79,2026-08-18,holdout,16,5,0,0.0,0,0,1
u-2041,79,2026-08-18,holdout,11,1,1,0.0,0,0,5
u-2042,79,2026-08-18,holdout,22,5,1,0.0,0,0,6
u-2043,79,2026-08-18,holdout,17,5,0,0.0,0,0,3
u-2044,79,2026-08-18,holdout,13,1,0,0.0,0,0,1
u-2045,79,2026-08-18,holdout,17,6,1,0.0,0,0,1
u-2046,79,2026-08-18,holdout,21,9,0,0.0,0,0,4
u-2047,79,2026-08-18,holdout,17,4,0,0.0,0,0,3
u-2048,79,2026-08-18,holdout,13,3,0,0.0,0,2,2
u-2049,79,2026-08-18,holdout,22,6,0,0.0,0,0,4
u-2050,79,2026-08-18,holdout,11,5,0,0.0,0,0,2
u-2051,79,2026-08-18,holdout,23,2,3,9.7,0,1,5
u-2052,79,2026-08-18,holdout,38,3,0,0.0,0,1,7
u-2053,79,2026-08-18,holdout,37,5,2,0.0,0,1,6
u-2054,79,2026-08-18,holdout,31,3,2,0.0,0,0,8
u-2055,79,2026-08-18,holdout,34,5,1,0.0,0,0,5
u-2056,79,2026-08-18,holdout,22,1,0,0.0,0,0,4
u-2057,79,2026-08-18,holdout,14,0,0,0.0,0,0,4
u-2058,79,2026-08-18,holdout,7,4,1,0.0,0,0,4
u-2059,79,2026-08-18,holdout,21,8,0,0.0,0,0,3
u-2060,79,2026-08-18,holdout,6,4,0,0.0,0,0,3
u-2001,80,2026-08-19,holdout,28,1,2,0.0,0,0,1
u-2002,80,2026-08-19,holdout,32,6,0,0.0,1,0,4
u-2003,80,2026-08-19,holdout,14,4,1,0.0,0,0,7
u-2004,80,2026-08-19,holdout,38,7,0,0.0,0,0,3
u-2005,80,2026-08-19,holdout,30,5,0,0.0,0,0,2
u-2006,80,2026-08-19,holdout,13,1,0,0.0,0,0,2
u-2007,80,2026-08-19,holdout,12,4,0,0.0,0,0,3
u-2008,80,2026-08-19,holdout,17,3,0,0.0,0,2,3
u-2009,80,2026-08-19,holdout,31,7,1,0.0,0,0,8
u-2010,80,2026-08-19,holdout,24,4,1,0.0,0,0,4
u-2011,80,2026-08-19,holdout,23,7,1,0.0,0,0,2
u-2012,80,2026-08-19,holdout,24,6,0,0.0,0,0,3
u-2013,80,2026-08-19,holdout,51,13,0,0.0,0,1,2
u-2014,80,2026-08-19,holdout,42,7,1,0.0,0,0,1
u-2015,80,2026-08-19,holdout,29,3,2,0.0,0,1,2
u-2016,80,2026-08-19,holdout,34,9,2,90.0,0,0,2
u-2017,80,2026-08-19,holdout,21,5,2,0.0,0,0,5
u-2018,80,2026-08-19,holdout,10,4,0,0.0,0,0,5
u-2019,80,2026-08-19,holdout,11,4,0,0.0,0,1,5
u-2020,80,2026-08-19,holdout,19,4,1,0.0,0,0,2
u-2021,80,2026-08-19,holdout,13,5,0,0.0,0,0,5
u-2022,80,2026-08-19,holdout,12,4,0,0.0,0,0,2
u-2023,80,2026-08-19,holdout,10,3,0,0.0,0,0,3
u-2024,80,2026-08-19,holdout,26,2,1,0.0,0,0,2
u-2025,80,2026-08-19,holdout,11,0,1,0.0,0,0,1
u-2026,80,2026-08-19,holdout,16,0,2,0.0,0,0,2
u-2027,80,2026-08-19,holdout,10,2,0,0.0,0,0,4
u-2028,80,2026-08-19,holdout,10,0,2,0.0,0,0,4
u-2029,80,2026-08-19,holdout,7,2,0,0.0,0,0,2
u-2030,80,2026-08-19,holdout,13,1,1,0.0,0,0,1
u-2031,80,2026-08-19,holdout,14,0,0,3.0,0,0,2
u-2032,80,2026-08-19,holdout,33,2,0,0.0,0,0,5
u-2033,80,2026-08-19,holdout,14,1,0,0.0,0,0,1
u-2034,80,2026-08-19,holdout,10,2,0,0.0,0,0,2
u-2035,80,2026-08-19,holdout,31,11,0,0.0,0,0,4
u-2036,80,2026-08-19,holdout,27,3,1,0.0,0,0,5
u-2037,80,2026-08-19,holdout,19,6,0,0.0,0,0,6
u-2038,80,2026-08-19,holdout,15,2,1,0.0,0,0,2
u-2039,80,2026-08-19,holdout,12,1,0,0.0,0,1,3
u-2040,80,2026-08-19,holdout,13,5,0,0.0,0,0,3
u-2041,80,2026-08-19,holdout,15,3,0,0.0,0,0,3
u-2042,80,2026-08-19,holdout,21,4,0,0.0,0,1,7
u-2043,80,2026-08-19,holdout,14,2,0,0.0,0,0,2
u-2044,80,2026-08-19,holdout,13,4,0,0.0,0,1,1
u-2045,80,2026-08-19,holdout,9,2,0,0.0,0,1,3
u-2046,80,2026-08-19,holdout,27,4,0,2.2,0,0,3
u-2047,80,2026-08-19,holdout,12,6,0,0.0,0,0,3
u-2048,80,2026-08-19,holdout,14,3,0,0.0,0,0,4
u-2049,80,2026-08-19,holdout,24,3,1,0.0,1,0,2
u-2050,80,2026-08-19,holdout,10,4,0,0.0,0,0,2
u-2051,80,2026-08-19,holdout,35,6,1,0.0,0,0,3
u-2052,80,2026-08-19,holdout,400,120,6,0.0,0,0,15
u-2053,80,2026-08-19,holdout,21,1,2,0.0,0,0,8
u-2054,80,2026-08-19,holdout,37,6,0,0.0,0,1,5
u-2055,80,2026-08-19,holdout,29,0,2,0.0,0,1,6
u-2056,80,2026-08-19,holdout,33,5,1,0.0,0,0,6
u-2057,80,2026-08-19,holdout,28,8,0,0.0,0,0,1
u-2058,80,2026-08-19,holdout,8,1,0,0.0,0,0,1
u-2059,80,2026-08-19,holdout,21,8,1,0.0,0,0,1
u-2060,80,2026-08-19,holdout,5,4,1,0.0,0,1,1
u-2001,81,2026-08-20,holdout,32,6,1,0.0,0,0,5
u-2002,81,2026-08-20,holdout,36,7,0,0.0,0,0,2
u-2003,81,2026-08-20,holdout,8,2,1,0.0,0,1,3
u-2004,81,2026-08-20,holdout,32,5,0,0.0,0,0,5
u-2005,81,2026-08-20,holdout,38,2,2,0.0,0,0,5
u-2006,81,2026-08-20,holdout,17,4,0,0.0,0,0,5
u-2007,81,2026-08-20,holdout,7,1,0,0.0,0,0,3
u-2008,81,2026-08-20,holdout,19,7,0,0.0,1,0,9
u-2009,81,2026-08-20,holdout,27,3,0,0.0,0,0,1
u-2010,81,2026-08-20,holdout,24,5,2,0.0,0,0,4
u-2011,81,2026-08-20,holdout,28,3,1,0.0,0,0,6
u-2012,81,2026-08-20,holdout,27,4,1,0.0,0,0,1
u-2013,81,2026-08-20,holdout,76,22,0,0.0,0,0,8
u-2014,81,2026-08-20,holdout,34,7,2,0.0,1,0,4
u-2015,81,2026-08-20,holdout,31,9,0,0.0,0,0,1
u-2016,81,2026-08-20,holdout,16,6,1,90.0,0,0,5
u-2017,81,2026-08-20,holdout,18,5,2,0.0,0,1,1
u-2018,81,2026-08-20,holdout,11,4,0,0.0,0,0,5
u-2019,81,2026-08-20,holdout,11,3,1,0.0,1,0,5
u-2020,81,2026-08-20,holdout,20,6,0,0.0,0,0,5
u-2021,81,2026-08-20,holdout,14,3,0,0.0,0,0,2
u-2022,81,2026-08-20,holdout,9,2,1,0.0,0,0,3
u-2023,81,2026-08-20,holdout,13,2,0,0.0,0,0,2
u-2024,81,2026-08-20,holdout,16,1,0,0.0,0,0,3
u-2025,81,2026-08-20,holdout,8,1,0,0.0,0,0,1
u-2026,81,2026-08-20,holdout,12,1,1,0.0,0,0,3
u-2027,81,2026-08-20,holdout,9,0,1,0.0,1,0,3
u-2028,81,2026-08-20,holdout,15,2,0,6.6,0,0,3
u-2029,81,2026-08-20,holdout,8,0,3,0.0,0,0,2
u-2030,81,2026-08-20,holdout,17,2,0,0.0,0,0,2
u-2031,81,2026-08-20,holdout,14,3,0,0.0,0,0,5
u-2032,81,2026-08-20,holdout,28,1,0,0.0,0,0,2
u-2033,81,2026-08-20,holdout,15,4,0,0.0,0,0,2
u-2034,81,2026-08-20,holdout,14,1,0,7.4,0,0,1
u-2035,81,2026-08-20,holdout,23,7,1,0.0,0,0,2
u-2036,81,2026-08-20,holdout,16,3,0,0.0,6,8,12
u-2037,81,2026-08-20,holdout,22,5,0,0.0,0,0,7
u-2038,81,2026-08-20,holdout,17,5,2,0.0,0,0,4
u-2039,81,2026-08-20,holdout,32,4,0,0.0,0,0,2
u-2040,81,2026-08-20,holdout,10,1,0,0.0,0,0,4
u-2041,81,2026-08-20,holdout,17,4,2,0.0,0,0,5
u-2042,81,2026-08-20,holdout,16,1,0,0.0,0,1,5
u-2043,81,2026-08-20,holdout,12,1,0,0.0,0,0,3
u-2044,81,2026-08-20,holdout,6,2,0,0.0,0,0,4
u-2045,81,2026-08-20,holdout,14,4,0,0.0,0,0,5
u-2046,81,2026-08-20,holdout,17,2,0,0.0,0,0,5
u-2047,81,2026-08-20,holdout,15,4,1,0.0,0,0,3
u-2048,81,2026-08-20,holdout,12,2,0,0.0,0,0,3
u-2049,81,2026-08-20,holdout,26,2,0,0.0,0,0,3
u-2050,81,2026-08-20,holdout,7,0,0,0.0,0,0,3
u-2051,81,2026-08-20,holdout,40,6,2,0.0,0,1,5
u-2052,81,2026-08-20,holdout,38,2,0,0.0,0,0,5
u-2053,81,2026-08-20,holdout,37,4,3,0.0,0,0,5
u-2054,81,2026-08-20,holdout,28,3,0,0.0,0,0,8
u-2055,81,2026-08-20,holdout,35,6,0,0.0,1,0,8
u-2056,81,2026-08-20,holdout,37,3,2,0.0,0,0,5
u-2057,81,2026-08-20,holdout,16,9,0,0.0,0,0,3
u-2058,81,2026-08-20,holdout,11,0,0,0.0,0,1,2
u-2059,81,2026-08-20,holdout,17,6,0,0.0,0,0,2
u-2060,81,2026-08-20,holdout,10,6,0,0.0,0,0,4
u-2001,82,2026-08-21,holdout,44,8,1,0.0,0,0,7
u-2002,82,2026-08-21,holdout,34,3,1,0.0,0,0,2
u-2003,82,2026-08-21,holdout,11,2,1,0.0,0,0,6
u-2004,82,2026-08-21,holdout,33,6,1,0.0,0,0,2
u-2005,82,2026-08-21,holdout,25,1,0,0.0,1,0,7
u-2006,82,2026-08-21,holdout,20,3,2,0.0,0,0,4
u-2007,82,2026-08-21,holdout,17,3,0,0.0,0,0,6
u-2008,82,2026-08-21,holdout,16,4,0,0.0,0,0,5
u-2009,82,2026-08-21,holdout,28,6,1,0.0,0,0,5
u-2010,82,2026-08-21,holdout,25,4,1,0.0,0,0,6
u-2011,82,2026-08-21,holdout,42,7,0,0.0,1,0,3
u-2012,82,2026-08-21,holdout,19,4,0,0.0,0,0,1
u-2013,82,2026-08-21,holdout,64,12,0,0.0,0,0,1
u-2014,82,2026-08-21,holdout,40,9,0,0.0,0,0,1
u-2015,82,2026-08-21,holdout,33,10,1,0.0,0,0,3
u-2016,82,2026-08-21,holdout,38,15,1,90.0,0,0,4
u-2017,82,2026-08-21,holdout,15,1,0,0.0,0,0,3
u-2018,82,2026-08-21,holdout,13,1,0,1.3,0,0,3
u-2019,82,2026-08-21,holdout,12,3,3,0.0,0,0,3
u-2020,82,2026-08-21,holdout,16,4,0,0.0,0,0,1
u-2021,82,2026-08-21,holdout,13,4,0,0.0,0,0,5
u-2022,82,2026-08-21,holdout,8,3,0,23.6,0,1,4
u-2023,82,2026-08-21,holdout,17,1,0,2.2,0,0,1
u-2024,82,2026-08-21,holdout,15,1,0,0.0,0,0,3
u-2025,82,2026-08-21,holdout,9,0,0,0.0,0,0,1
u-2026,82,2026-08-21,holdout,14,0,0,0.0,0,0,1
u-2027,82,2026-08-21,holdout,14,1,1,0.0,0,1,2
u-2028,82,2026-08-21,holdout,7,1,0,0.0,0,0,2
u-2029,82,2026-08-21,holdout,1,0,1,0.0,0,0,3
u-2030,82,2026-08-21,holdout,11,1,0,0.0,0,0,3
u-2031,82,2026-08-21,holdout,11,2,0,0.0,0,0,5
u-2032,82,2026-08-21,holdout,29,5,2,0.0,0,0,3
u-2033,82,2026-08-21,holdout,11,3,0,0.0,0,1,1
u-2034,82,2026-08-21,holdout,9,1,0,0.0,0,0,2
u-2035,82,2026-08-21,holdout,22,4,0,0.0,0,0,2
u-2036,82,2026-08-21,holdout,16,5,2,0.0,0,0,6
u-2037,82,2026-08-21,holdout,19,1,1,0.0,0,0,3
u-2038,82,2026-08-21,holdout,19,3,0,0.0,0,0,1
u-2039,82,2026-08-21,holdout,25,9,0,0.0,0,0,3
u-2040,82,2026-08-21,holdout,13,1,1,0.0,0,0,6
u-2041,82,2026-08-21,holdout,12,3,1,0.0,0,0,1
u-2042,82,2026-08-21,holdout,31,2,0,0.0,0,0,7
u-2043,82,2026-08-21,holdout,15,6,0,0.0,0,0,3
u-2044,82,2026-08-21,holdout,11,0,1,0.0,0,0,2
u-2045,82,2026-08-21,holdout,21,5,0,0.0,0,0,1
u-2046,82,2026-08-21,holdout,20,1,0,0.0,0,0,3
u-2047,82,2026-08-21,holdout,11,1,0,0.0,0,0,1
u-2048,82,2026-08-21,holdout,21,2,0,0.0,0,0,1
u-2049,82,2026-08-21,holdout,25,5,0,0.0,0,0,1
u-2050,82,2026-08-21,holdout,17,4,0,0.0,0,0,2
u-2051,82,2026-08-21,holdout,27,0,1,0.0,0,0,3
u-2052,82,2026-08-21,holdout,30,1,2,0.0,1,1,7
u-2053,82,2026-08-21,holdout,36,2,1,0.0,0,0,5
u-2054,82,2026-08-21,holdout,35,0,2,0.0,0,0,6
u-2055,82,2026-08-21,holdout,36,2,0,0.0,0,0,7
u-2056,82,2026-08-21,holdout,30,2,3,0.0,0,2,7
u-2057,82,2026-08-21,holdout,18,4,0,0.0,0,0,3
u-2058,82,2026-08-21,holdout,11,0,0,0.0,0,0,4
u-2059,82,2026-08-21,holdout,14,10,1,0.0,0,0,3
u-2060,82,2026-08-21,holdout,5,1,0,0.0,0,0,2
u-2001,83,2026-08-22,holdout,2,0,0,0.0,0,0,3
u-2002,83,2026-08-22,holdout,7,2,0,0.0,0,0,6
u-2003,83,2026-08-22,holdout,1,0,0,0.0,0,0,5
u-2004,83,2026-08-22,holdout,4,1,0,0.0,0,0,4
u-2005,83,2026-08-22,holdout,1,0,2,0.0,1,0,4
u-2006,83,2026-08-22,holdout,3,0,0,0.0,0,0,4
u-2007,83,2026-08-22,holdout,2,1,0,0.0,0,0,3
u-2008,83,2026-08-22,holdout,2,0,0,0.0,0,0,2
u-2009,83,2026-08-22,holdout,5,1,0,0.0,0,0,2
u-2010,83,2026-08-22,holdout,1,0,0,0.0,0,0,2
u-2011,83,2026-08-22,holdout,3,1,0,0.0,0,0,4
u-2012,83,2026-08-22,holdout,0,0,0,0.0,0,0,0
u-2013,83,2026-08-22,holdout,8,1,0,0.0,0,0,7
u-2014,83,2026-08-22,holdout,5,0,0,0.0,0,0,4
u-2015,83,2026-08-22,holdout,2,0,0,0.0,0,0,1
u-2016,83,2026-08-22,holdout,5,2,0,0.0,0,0,2
u-2017,83,2026-08-22,holdout,2,0,0,0.0,0,0,3
u-2018,83,2026-08-22,holdout,1,0,0,0.0,0,0,4
u-2019,83,2026-08-22,holdout,0,0,2,0.0,0,0,0
u-2020,83,2026-08-22,holdout,3,1,0,0.0,0,0,5
u-2021,83,2026-08-22,holdout,0,0,0,0.0,0,0,0
u-2022,83,2026-08-22,holdout,1,0,0,0.0,0,0,1
u-2023,83,2026-08-22,holdout,2,0,1,0.0,0,0,1
u-2024,83,2026-08-22,holdout,0,0,1,0.0,0,0,0
u-2025,83,2026-08-22,holdout,1,0,0,0.0,0,0,4
u-2026,83,2026-08-22,holdout,1,0,0,0.0,0,0,4
u-2027,83,2026-08-22,holdout,3,0,0,0.0,0,0,2
u-2028,83,2026-08-22,holdout,1,0,1,0.0,0,0,3
u-2029,83,2026-08-22,holdout,1,0,0,0.0,0,0,1
u-2030,83,2026-08-22,holdout,0,0,0,0.0,0,0,0
u-2031,83,2026-08-22,holdout,3,0,1,0.0,0,0,3
u-2032,83,2026-08-22,holdout,2,0,0,0.0,0,0,5
u-2033,83,2026-08-22,holdout,3,0,0,0.0,0,0,4
u-2034,83,2026-08-22,holdout,0,0,1,0.0,0,0,0
u-2035,83,2026-08-22,holdout,0,0,0,0.0,0,0,0
u-2036,83,2026-08-22,holdout,1,0,0,0.0,0,0,7
u-2037,83,2026-08-22,holdout,5,1,0,0.0,0,0,6
u-2038,83,2026-08-22,holdout,2,0,0,0.0,0,0,4
u-2039,83,2026-08-22,holdout,3,1,1,0.0,0,0,2
u-2040,83,2026-08-22,holdout,1,1,0,0.0,0,0,1
u-2041,83,2026-08-22,holdout,1,1,1,0.0,0,0,7
u-2042,83,2026-08-22,holdout,3,0,0,0.0,0,0,2
u-2043,83,2026-08-22,holdout,1,0,0,0.0,0,0,5
u-2044,83,2026-08-22,holdout,0,0,0,0.0,0,0,0
u-2045,83,2026-08-22,holdout,0,0,0,0.0,0,1,0
u-2046,83,2026-08-22,holdout,1,1,0,0.0,0,0,1
u-2047,83,2026-08-22,holdout,3,0,0,0.0,0,0,4
u-2048,83,2026-08-22,holdout,1,0,1,0.0,0,0,2
u-2049,83,2026-08-22,holdout,3,1,1,0.0,0,0,6
u-2050,83,2026-08-22,holdout,3,0,0,0.0,0,0,1
u-2051,83,2026-08-22,holdout,5,1,3,0.0,0,0,5
u-2052,83,2026-08-22,holdout,1,0,1,0.0,0,0,5
u-2053,83,2026-08-22,holdout,4,0,2,0.0,0,0,7
u-2054,83,2026-08-22,holdout,1,0,0,0.0,0,0,10
u-2055,83,2026-08-22,holdout,8,1,1,0.0,0,0,7
u-2056,83,2026-08-22,holdout,0,0,1,0.0,0,0,0
u-2057,83,2026-08-22,holdout,3,2,0,0.0,0,0,1
u-2058,83,2026-08-22,holdout,1,0,0,0.0,0,0,2
u-2059,83,2026-08-22,holdout,3,1,0,0.0,0,0,3
u-2060,83,2026-08-22,holdout,0,0,0,0.0,0,0,0
u-2001,84,2026-08-23,holdout,5,2,0,0.0,0,0,1
u-2002,84,2026-08-23,holdout,3,1,0,0.0,0,0,2
u-2003,84,2026-08-23,holdout,1,0,0,0.0,0,0,4
u-2004,84,2026-08-23,holdout,4,0,0,0.0,0,0,5
u-2005,84,2026-08-23,holdout,2,0,0,0.0,0,0,4
u-2006,84,2026-08-23,holdout,3,1,0,0.0,0,0,8
u-2007,84,2026-08-23,holdout,2,1,0,0.0,0,0,2
u-2008,84,2026-08-23,holdout,3,1,0,3.6,0,0,7
u-2009,84,2026-08-23,holdout,1,0,0,0.0,0,0,6
u-2010,84,2026-08-23,holdout,3,0,0,0.0,0,0,5
u-2011,84,2026-08-23,holdout,4,2,0,0.0,0,0,5
u-2012,84,2026-08-23,holdout,4,1,0,0.0,0,0,4
u-2013,84,2026-08-23,holdout,7,3,0,0.0,0,1,4
u-2014,84,2026-08-23,holdout,4,0,0,0.0,0,0,2
u-2015,84,2026-08-23,holdout,4,1,0,0.0,0,0,1
u-2016,84,2026-08-23,holdout,5,2,0,0.0,0,0,1
u-2017,84,2026-08-23,holdout,1,0,1,0.0,0,0,3
u-2018,84,2026-08-23,holdout,1,0,0,0.0,0,0,5
u-2019,84,2026-08-23,holdout,0,0,0,0.0,0,0,0
u-2020,84,2026-08-23,holdout,1,1,0,0.0,0,0,4
u-2021,84,2026-08-23,holdout,1,0,0,0.0,0,0,2
u-2022,84,2026-08-23,holdout,1,0,0,0.0,0,0,3
u-2023,84,2026-08-23,holdout,2,0,0,0.0,0,0,4
u-2024,84,2026-08-23,holdout,1,0,0,0.0,0,0,2
u-2025,84,2026-08-23,holdout,1,0,2,0.0,0,1,4
u-2026,84,2026-08-23,holdout,1,0,0,0.0,0,0,5
u-2027,84,2026-08-23,holdout,1,0,0,0.0,0,0,5
u-2028,84,2026-08-23,holdout,1,0,0,0.0,0,0,2
u-2029,84,2026-08-23,holdout,0,0,0,0.0,0,0,0
u-2030,84,2026-08-23,holdout,0,0,0,0.0,0,0,0
u-2031,84,2026-08-23,holdout,1,0,0,0.0,0,0,2
u-2032,84,2026-08-23,holdout,3,0,0,0.0,0,0,2
u-2033,84,2026-08-23,holdout,1,0,0,0.0,0,0,1
u-2034,84,2026-08-23,holdout,0,0,0,0.0,0,0,0
u-2035,84,2026-08-23,holdout,4,1,0,0.0,0,0,3
u-2036,84,2026-08-23,holdout,1,0,0,0.0,0,0,5
u-2037,84,2026-08-23,holdout,0,0,0,0.0,0,0,0
u-2038,84,2026-08-23,holdout,4,0,0,0.0,0,0,2
u-2039,84,2026-08-23,holdout,1,0,1,0.0,0,0,1
u-2040,84,2026-08-23,holdout,0,0,0,0.0,0,1,0
u-2041,84,2026-08-23,holdout,4,2,0,0.0,0,0,3
u-2042,84,2026-08-23,holdout,2,0,0,0.0,0,0,4
u-2043,84,2026-08-23,holdout,0,0,0,0.0,0,0,0
u-2044,84,2026-08-23,holdout,2,1,0,0.0,0,0,6
u-2045,84,2026-08-23,holdout,2,0,0,0.0,0,0,5
u-2046,84,2026-08-23,holdout,0,0,0,0.0,0,0,0
u-2047,84,2026-08-23,holdout,0,0,0,0.0,0,0,0
u-2048,84,2026-08-23,holdout,2,0,0,0.0,0,0,1
u-2049,84,2026-08-23,holdout,1,0,0,0.0,0,0,3
u-2050,84,2026-08-23,holdout,3,1,0,0.0,0,0,2
u-2051,84,2026-08-23,holdout,1,0,1,0.0,0,0,4
u-2052,84,2026-08-23,holdout,2,1,0,0.0,0,0,3
u-2053,84,2026-08-23,holdout,4,0,0,0.0,0,0,8
u-2054,84,2026-08-23,holdout,1,0,2,0.0,0,0,6
u-2055,84,2026-08-23,holdout,3,0,0,0.0,0,0,4
u-2056,84,2026-08-23,holdout,5,2,0,0.0,0,0,3
u-2057,84,2026-08-23,holdout,2,0,0,0.0,0,0,2
u-2058,84,2026-08-23,holdout,1,1,0,0.0,0,0,2
u-2059,84,2026-08-23,holdout,1,0,0,0.0,0,0,2
u-2060,84,2026-08-23,holdout,0,0,0,0.0,0,0,0
u-2001,85,2026-08-24,holdout,32,5,2,0.0,0,0,3
u-2002,85,2026-08-24,holdout,39,3,1,0.0,0,0,8
u-2003,85,2026-08-24,holdout,12,3,1,0.0,1,1,8
u-2004,85,2026-08-24,holdout,44,10,0,0.0,0,1,2
u-2005,85,2026-08-24,holdout,32,1,2,0.0,1,0,5
u-2006,85,2026-08-24,holdout,19,2,1,0.0,0,1,3
u-2007,85,2026-08-24,holdout,15,6,0,0.0,1,0,3
u-2008,85,2026-08-24,holdout,16,2,0,0.0,0,0,5
u-2009,85,2026-08-24,holdout,40,10,1,0.0,0,0,6
u-2010,85,2026-08-24,holdout,22,0,0,0.0,0,1,1
u-2011,85,2026-08-24,holdout,31,7,2,0.0,0,0,4
u-2012,85,2026-08-24,holdout,23,6,0,0.0,2,0,6
u-2013,85,2026-08-24,holdout,52,15,0,0.0,0,0,1
u-2014,85,2026-08-24,holdout,37,10,0,0.0,0,0,7
u-2015,85,2026-08-24,holdout,25,8,1,0.0,0,0,1
u-2016,85,2026-08-24,holdout,11,4,0,0.0,0,0,2
u-2017,85,2026-08-24,holdout,12,5,0,0.0,0,0,3
u-2018,85,2026-08-24,holdout,11,4,1,0.0,0,0,5
u-2019,85,2026-08-24,holdout,8,1,0,0.0,0,0,4
u-2020,85,2026-08-24,holdout,25,5,0,0.0,0,0,2
u-2021,85,2026-08-24,holdout,12,3,0,0.0,0,0,5
u-2022,85,2026-08-24,holdout,8,1,0,0.0,0,0,4
u-2023,85,2026-08-24,holdout,10,1,1,0.0,0,0,2
u-2024,85,2026-08-24,holdout,14,3,0,0.0,0,0,5
u-2025,85,2026-08-24,holdout,9,2,1,0.0,0,0,4
u-2026,85,2026-08-24,holdout,13,3,0,0.0,0,0,5
u-2027,85,2026-08-24,holdout,9,1,1,0.0,0,0,5
u-2028,85,2026-08-24,holdout,5,0,0,0.0,0,0,3
u-2029,85,2026-08-24,holdout,9,3,1,0.0,0,0,4
u-2030,85,2026-08-24,holdout,8,0,1,0.0,0,0,1
u-2031,85,2026-08-24,holdout,11,2,1,0.0,0,1,2
u-2032,85,2026-08-24,holdout,20,6,0,0.0,0,0,2
u-2033,85,2026-08-24,holdout,10,5,0,0.0,0,0,2
u-2034,85,2026-08-24,holdout,11,0,0,0.0,0,0,3
u-2035,85,2026-08-24,holdout,25,4,0,0.0,0,0,6
u-2036,85,2026-08-24,holdout,21,4,0,0.0,0,0,3
u-2037,85,2026-08-24,holdout,11,0,0,0.0,0,0,4
u-2038,85,2026-08-24,holdout,21,5,1,0.0,0,1,2
u-2039,85,2026-08-24,holdout,30,9,1,0.0,0,0,7
u-2040,85,2026-08-24,holdout,13,3,1,0.0,0,0,2
u-2041,85,2026-08-24,holdout,13,5,0,0.0,0,0,5
u-2042,85,2026-08-24,holdout,18,4,1,0.0,0,0,2
u-2043,85,2026-08-24,holdout,31,1,3,0.0,1,0,4
u-2044,85,2026-08-24,holdout,10,4,0,0.0,1,0,4
u-2045,85,2026-08-24,holdout,23,4,1,0.0,1,0,5
u-2046,85,2026-08-24,holdout,22,3,0,0.0,0,0,5
u-2047,85,2026-08-24,holdout,20,4,0,0.0,0,0,1
u-2048,85,2026-08-24,holdout,13,4,0,0.0,0,1,1
u-2049,85,2026-08-24,holdout,20,3,0,0.0,0,0,3
u-2050,85,2026-08-24,holdout,16,2,0,0.0,0,0,6
u-2051,85,2026-08-24,holdout,43,3,1,0.0,1,0,4
u-2052,85,2026-08-24,holdout,36,4,0,0.0,0,0,6
u-2053,85,2026-08-24,holdout,29,0,1,0.0,0,0,7
u-2054,85,2026-08-24,holdout,30,4,3,0.0,0,0,11
u-2055,85,2026-08-24,holdout,33,3,0,0.0,0,1,7
u-2056,85,2026-08-24,holdout,25,4,0,0.0,0,1,6
u-2057,85,2026-08-24,holdout,14,5,0,0.0,0,0,1
u-2058,85,2026-08-24,holdout,11,6,0,0.0,0,1,2
u-2059,85,2026-08-24,holdout,12,6,1,0.0,0,0,1
u-2060,85,2026-08-24,holdout,14,9,1,0.0,0,0,2
u-2001,86,2026-08-25,holdout,32,9,1,0.0,0,0,2
u-2002,86,2026-08-25,holdout,43,4,0,0.0,0,0,7
u-2003,86,2026-08-25,holdout,12,2,0,0.0,0,0,3
u-2004,86,2026-08-25,holdout,38,6,0,0.0,0,0,4
u-2005,86,2026-08-25,holdout,28,3,0,0.0,0,0,4
u-2006,86,2026-08-25,holdout,22,2,2,0.0,0,0,6
u-2007,86,2026-08-25,holdout,15,2,1,0.0,0,0,8
u-2008,86,2026-08-25,holdout,16,2,0,0.0,1,0,7
u-2009,86,2026-08-25,holdout,31,5,0,0.0,0,1,4
u-2010,86,2026-08-25,holdout,24,3,1,0.0,0,0,5
u-2011,86,2026-08-25,holdout,21,3,1,0.0,0,0,7
u-2012,86,2026-08-25,holdout,24,5,1,0.0,0,0,8
u-2013,86,2026-08-25,holdout,53,16,0,0.0,0,0,4
u-2014,86,2026-08-25,holdout,25,5,1,0.0,0,0,2
u-2015,86,2026-08-25,holdout,30,4,1,0.0,0,0,1
u-2016,86,2026-08-25,holdout,15,4,0,0.0,0,1,5
u-2017,86,2026-08-25,holdout,18,7,1,0.0,0,0,1
u-2018,86,2026-08-25,holdout,9,2,0,0.0,0,0,1
u-2019,86,2026-08-25,holdout,10,2,0,0.0,0,1,5
u-2020,86,2026-08-25,holdout,17,5,1,0.0,1,0,4
u-2021,86,2026-08-25,holdout,20,4,0,0.0,0,1,2
u-2022,86,2026-08-25,holdout,13,5,0,0.0,0,0,5
u-2023,86,2026-08-25,holdout,12,3,1,0.0,0,0,3
u-2024,86,2026-08-25,holdout,12,3,0,0.0,0,0,2
u-2025,86,2026-08-25,holdout,5,0,0,0.0,0,1,2
u-2026,86,2026-08-25,holdout,10,0,0,0.0,0,1,1
u-2027,86,2026-08-25,holdout,8,1,0,12.5,0,0,5
u-2028,86,2026-08-25,holdout,8,0,0,0.0,1,0,5
u-2029,86,2026-08-25,holdout,6,1,0,0.0,0,0,3
u-2030,86,2026-08-25,holdout,11,1,0,0.0,0,0,3
u-2031,86,2026-08-25,holdout,17,1,0,0.0,0,0,5
u-2032,86,2026-08-25,holdout,28,6,0,0.0,0,0,3
u-2033,86,2026-08-25,holdout,17,2,1,3.5,0,1,3
u-2034,86,2026-08-25,holdout,6,1,1,0.0,0,0,3
u-2035,86,2026-08-25,holdout,20,6,2,0.0,0,2,7
u-2036,86,2026-08-25,holdout,15,2,2,0.0,0,0,3
u-2037,86,2026-08-25,holdout,16,1,1,0.0,0,0,4
u-2038,86,2026-08-25,holdout,15,5,1,0.0,0,0,2
u-2039,86,2026-08-25,holdout,29,5,0,0.0,0,0,2
u-2040,86,2026-08-25,holdout,17,2,0,0.0,0,0,2
u-2041,86,2026-08-25,holdout,11,1,0,0.0,0,0,1
u-2042,86,2026-08-25,holdout,20,2,0,0.0,0,0,6
u-2043,86,2026-08-25,holdout,262,78,34,2400.0,3,4,9
u-2044,86,2026-08-25,holdout,10,0,0,0.0,0,0,1
u-2045,86,2026-08-25,holdout,23,6,0,0.0,0,0,3
u-2046,86,2026-08-25,holdout,14,5,1,0.0,0,1,2
u-2047,86,2026-08-25,holdout,16,4,1,0.0,0,0,6
u-2048,86,2026-08-25,holdout,19,2,0,0.0,0,0,1
u-2049,86,2026-08-25,holdout,39,7,0,0.0,0,0,2
u-2050,86,2026-08-25,holdout,7,0,0,0.0,0,0,4
u-2051,86,2026-08-25,holdout,31,10,1,0.0,0,0,6
u-2052,86,2026-08-25,holdout,33,2,0,0.0,0,0,4
u-2053,86,2026-08-25,holdout,35,4,0,0.0,0,0,7
u-2054,86,2026-08-25,holdout,31,2,1,0.0,0,0,10
u-2055,86,2026-08-25,holdout,26,3,2,0.0,0,0,3
u-2056,86,2026-08-25,holdout,25,2,1,0.0,1,0,8
u-2057,86,2026-08-25,holdout,23,9,0,0.0,0,0,2
u-2058,86,2026-08-25,holdout,15,6,0,0.0,0,0,2
u-2059,86,2026-08-25,holdout,18,5,0,0.0,0,1,2
u-2060,86,2026-08-25,holdout,10,3,1,0.0,0,0,2
u-2001,87,2026-08-26,holdout,41,13,0,0.0,0,0,5
u-2002,87,2026-08-26,holdout,26,6,2,0.0,0,0,4
u-2003,87,2026-08-26,holdout,17,1,0,0.0,0,0,2
u-2004,87,2026-08-26,holdout,42,6,0,0.0,0,0,4
u-2005,87,2026-08-26,holdout,40,5,1,0.0,0,0,3
u-2006,87,2026-08-26,holdout,21,8,2,0.0,1,0,5
u-2007,87,2026-08-26,holdout,10,5,0,0.0,0,1,4
u-2008,87,2026-08-26,holdout,16,3,0,0.0,1,0,9
u-2009,87,2026-08-26,holdout,40,5,0,0.0,0,0,6
u-2010,87,2026-08-26,holdout,33,7,1,0.0,0,0,6
u-2011,87,2026-08-26,holdout,29,5,0,0.0,0,0,2
u-2012,87,2026-08-26,holdout,24,3,0,0.0,0,0,2
u-2013,87,2026-08-26,holdout,50,12,0,0.0,0,0,3
u-2014,87,2026-08-26,holdout,28,5,1,0.0,0,0,4
u-2015,87,2026-08-26,holdout,25,4,2,0.0,0,1,5
u-2016,87,2026-08-26,holdout,12,4,0,0.0,0,1,2
u-2017,87,2026-08-26,holdout,12,5,2,0.0,0,0,2
u-2018,87,2026-08-26,holdout,5,2,0,0.0,0,0,3
u-2019,87,2026-08-26,holdout,12,4,0,8.7,0,0,2
u-2020,87,2026-08-26,holdout,15,4,0,0.0,0,0,2
u-2021,87,2026-08-26,holdout,16,4,0,0.0,0,0,3
u-2022,87,2026-08-26,holdout,8,1,0,0.0,0,0,2
u-2023,87,2026-08-26,holdout,18,0,1,0.0,0,1,2
u-2024,87,2026-08-26,holdout,15,0,1,0.0,0,0,1
u-2025,87,2026-08-26,holdout,7,0,1,0.0,0,0,2
u-2026,87,2026-08-26,holdout,12,1,0,0.0,0,0,2
u-2027,87,2026-08-26,holdout,14,0,1,0.0,0,0,4
u-2028,87,2026-08-26,holdout,10,2,0,0.0,0,0,5
u-2029,87,2026-08-26,holdout,7,0,1,0.0,0,1,4
u-2030,87,2026-08-26,holdout,12,0,0,0.0,0,0,2
u-2031,87,2026-08-26,holdout,8,0,1,11.4,0,0,5
u-2032,87,2026-08-26,holdout,23,3,2,0.0,1,0,4
u-2033,87,2026-08-26,holdout,18,2,1,0.0,0,0,3
u-2034,87,2026-08-26,holdout,8,1,0,0.0,0,0,3
u-2035,87,2026-08-26,holdout,30,5,2,0.0,0,0,1
u-2036,87,2026-08-26,holdout,5,1,0,0.0,0,1,7
u-2037,87,2026-08-26,holdout,48,2,20,350.0,0,0,3
u-2038,87,2026-08-26,holdout,11,0,0,0.0,0,0,3
u-2039,87,2026-08-26,holdout,20,6,1,0.0,0,1,3
u-2040,87,2026-08-26,holdout,18,4,0,0.0,0,0,2
u-2041,87,2026-08-26,holdout,15,1,0,0.0,0,0,7
u-2042,87,2026-08-26,holdout,11,3,0,0.0,0,0,3
u-2043,87,2026-08-26,holdout,13,4,0,0.0,0,0,3
u-2044,87,2026-08-26,holdout,11,4,0,0.0,0,0,6
u-2045,87,2026-08-26,holdout,9,1,0,0.0,0,0,2
u-2046,87,2026-08-26,holdout,19,2,0,0.0,0,0,4
u-2047,87,2026-08-26,holdout,15,3,0,0.0,0,0,4
u-2048,87,2026-08-26,holdout,17,2,0,0.0,0,0,2
u-2049,87,2026-08-26,holdout,29,4,0,0.0,0,0,6
u-2050,87,2026-08-26,holdout,7,1,1,0.0,0,0,1
u-2051,87,2026-08-26,holdout,42,7,2,5.1,0,0,7
u-2052,87,2026-08-26,holdout,47,3,1,0.0,0,1,4
u-2053,87,2026-08-26,holdout,24,1,1,0.0,0,0,8
u-2054,87,2026-08-26,holdout,31,4,5,0.0,1,0,10
u-2055,87,2026-08-26,holdout,19,2,2,0.0,0,1,5
u-2056,87,2026-08-26,holdout,21,4,2,0.0,0,0,3
u-2057,87,2026-08-26,holdout,15,3,0,0.0,0,0,1
u-2058,87,2026-08-26,holdout,8,3,0,0.0,1,0,4
u-2059,87,2026-08-26,holdout,15,3,0,0.0,0,0,4
u-2060,87,2026-08-26,holdout,10,4,0,0.0,0,1,1
u-2001,88,2026-08-27,holdout,39,15,1,2.6,0,0,3
u-2002,88,2026-08-27,holdout,39,6,1,0.0,0,0,3
u-2003,88,2026-08-27,holdout,11,4,0,0.0,0,0,5
u-2004,88,2026-08-27,holdout,42,7,1,0.0,0,0,5
u-2005,88,2026-08-27,holdout,33,9,0,0.0,0,0,2
u-2006,88,2026-08-27,holdout,27,2,1,0.0,0,0,5
u-2007,88,2026-08-27,holdout,16,6,2,0.0,0,0,3
u-2008,88,2026-08-27,holdout,23,4,0,0.0,0,0,1
u-2009,88,2026-08-27,holdout,31,5,0,0.0,0,0,6
u-2010,88,2026-08-27,holdout,18,2,0,0.0,0,0,1
u-2011,88,2026-08-27,holdout,20,3,1,0.0,0,1,2
u-2012,88,2026-08-27,holdout,27,1,0,0.0,0,0,4
u-2013,88,2026-08-27,holdout,59,11,0,0.0,1,1,7
u-2014,88,2026-08-27,holdout,29,3,2,0.0,0,0,7
u-2015,88,2026-08-27,holdout,52,10,5,0.0,0,0,4
u-2016,88,2026-08-27,holdout,32,8,5,0.0,0,0,4
u-2017,88,2026-08-27,holdout,45,8,5,0.0,0,0,1
u-2018,88,2026-08-27,holdout,40,10,5,0.0,1,1,3
u-2019,88,2026-08-27,holdout,32,8,5,0.0,0,0,4
u-2020,88,2026-08-27,holdout,62,12,6,0.0,0,0,4
u-2021,88,2026-08-27,holdout,25,2,5,0.0,0,0,4
u-2022,88,2026-08-27,holdout,5,2,6,0.0,0,0,1
u-2023,88,2026-08-27,holdout,25,4,6,0.0,0,0,3
u-2024,88,2026-08-27,holdout,40,6,5,0.0,0,0,1
u-2025,88,2026-08-27,holdout,7,1,1,0.0,0,1,1
u-2026,88,2026-08-27,holdout,10,1,0,16.2,0,0,2
u-2027,88,2026-08-27,holdout,14,2,0,0.0,0,0,2
u-2028,88,2026-08-27,holdout,7,2,0,0.0,0,0,1
u-2029,88,2026-08-27,holdout,7,1,0,9.8,0,0,2
u-2030,88,2026-08-27,holdout,9,1,0,0.0,0,0,4
u-2031,88,2026-08-27,holdout,15,0,0,0.0,0,0,1
u-2032,88,2026-08-27,holdout,25,3,0,0.0,0,1,1
u-2033,88,2026-08-27,holdout,8,1,1,0.0,1,0,2
u-2034,88,2026-08-27,holdout,12,4,1,0.0,0,0,4
u-2035,88,2026-08-27,holdout,28,8,1,0.0,0,1,2
u-2036,88,2026-08-27,holdout,17,4,0,0.0,0,0,3
u-2037,88,2026-08-27,holdout,9,3,0,0.0,0,0,4
u-2038,88,2026-08-27,holdout,15,2,1,0.0,0,1,4
u-2039,88,2026-08-27,holdout,24,4,0,0.0,0,0,7
u-2040,88,2026-08-27,holdout,12,1,1,0.0,0,0,3
u-2041,88,2026-08-27,holdout,15,4,0,7.4,0,1,4
u-2042,88,2026-08-27,holdout,25,5,0,0.0,0,0,7
u-2043,88,2026-08-27,holdout,16,1,1,0.0,0,0,2
u-2044,88,2026-08-27,holdout,14,3,0,0.0,0,0,6
u-2045,88,2026-08-27,holdout,16,2,0,0.0,0,0,6
u-2046,88,2026-08-27,holdout,24,2,0,0.0,0,0,5
u-2047,88,2026-08-27,holdout,11,1,0,0.0,0,0,1
u-2048,88,2026-08-27,holdout,19,2,0,0.0,0,0,3
u-2049,88,2026-08-27,holdout,34,6,0,2.8,0,0,1
u-2050,88,2026-08-27,holdout,8,1,0,0.0,0,0,1
u-2051,88,2026-08-27,holdout,34,7,0,0.0,0,1,3
u-2052,88,2026-08-27,holdout,31,2,1,0.0,0,0,3
u-2053,88,2026-08-27,holdout,35,4,2,0.0,0,1,10
u-2054,88,2026-08-27,holdout,26,4,0,0.0,0,1,10
u-2055,88,2026-08-27,holdout,30,7,0,0.0,0,0,11
u-2056,88,2026-08-27,holdout,26,2,3,0.0,0,0,4
u-2057,88,2026-08-27,holdout,15,8,0,0.0,0,0,2
u-2058,88,2026-08-27,holdout,17,6,1,0.0,0,0,1
u-2059,88,2026-08-27,holdout,19,7,0,0.0,0,0,1
u-2060,88,2026-08-27,holdout,10,3,0,0.0,0,0,4
u-2001,89,2026-08-28,holdout,23,6,1,0.0,0,0,3
u-2002,89,2026-08-28,holdout,32,2,1,0.0,0,0,3
u-2003,89,2026-08-28,holdout,12,4,0,0.0,0,0,2
u-2004,89,2026-08-28,holdout,41,8,0,0.0,0,0,1
u-2005,89,2026-08-28,holdout,39,7,0,0.0,0,1,8
u-2006,89,2026-08-28,holdout,21,5,0,0.0,0,0,5
u-2007,89,2026-08-28,holdout,12,2,1,0.0,0,0,4
u-2008,89,2026-08-28,holdout,18,2,0,0.0,0,1,5
u-2009,89,2026-08-28,holdout,21,4,2,0.0,0,0,3
u-2010,89,2026-08-28,holdout,31,5,1,0.0,0,0,4
u-2011,89,2026-08-28,holdout,24,9,0,0.0,0,0,2
u-2012,89,2026-08-28,holdout,27,5,0,0.0,0,0,4
u-2013,89,2026-08-28,holdout,62,18,0,8.3,0,1,7
u-2014,89,2026-08-28,holdout,29,5,0,0.0,0,0,5
u-2015,89,2026-08-28,holdout,48,8,5,9.4,0,0,2
u-2016,89,2026-08-28,holdout,38,14,6,0.0,0,0,4
u-2017,89,2026-08-28,holdout,50,10,5,0.0,0,0,1
u-2018,89,2026-08-28,holdout,22,8,5,0.0,0,0,1
u-2019,89,2026-08-28,holdout,38,10,6,0.0,0,0,1
u-2020,89,2026-08-28,holdout,60,16,6,0.0,0,0,4
u-2021,89,2026-08-28,holdout,25,8,5,0.0,0,0,5
u-2022,89,2026-08-28,holdout,25,8,6,0.0,0,0,2
u-2023,89,2026-08-28,holdout,30,4,7,0.0,0,0,1
u-2024,89,2026-08-28,holdout,30,4,6,0.0,0,0,3
u-2025,89,2026-08-28,holdout,7,2,0,15.0,0,0,1
u-2026,89,2026-08-28,holdout,13,0,0,0.0,0,1,5
u-2027,89,2026-08-28,holdout,9,0,1,0.0,0,0,1
u-2028,89,2026-08-28,holdout,8,1,0,0.0,0,0,3
u-2029,89,2026-08-28,holdout,8,1,1,0.0,0,0,2
u-2030,89,2026-08-28,holdout,13,1,0,0.0,0,0,2
u-2031,89,2026-08-28,holdout,15,1,1,0.0,0,0,2
u-2032,89,2026-08-28,holdout,18,5,0,30.7,0,1,4
u-2033,89,2026-08-28,holdout,7,1,0,0.0,0,0,5
u-2034,89,2026-08-28,holdout,11,1,0,0.0,0,0,5
u-2035,89,2026-08-28,holdout,29,7,0,0.0,0,1,1
u-2036,89,2026-08-28,holdout,24,5,0,0.0,0,0,6
u-2037,89,2026-08-28,holdout,26,6,0,0.0,0,0,4
u-2038,89,2026-08-28,holdout,23,2,0,0.0,0,0,3
u-2039,89,2026-08-28,holdout,27,6,0,0.0,0,0,4
u-2040,89,2026-08-28,holdout,13,4,0,0.0,0,1,4
u-2041,89,2026-08-28,holdout,13,4,0,0.0,0,1,5
u-2042,89,2026-08-28,holdout,24,4,1,0.0,0,0,5
u-2043,89,2026-08-28,holdout,8,4,0,0.0,0,0,3
u-2044,89,2026-08-28,holdout,23,4,0,0.0,0,0,1
u-2045,89,2026-08-28,holdout,23,7,0,0.0,0,0,4
u-2046,89,2026-08-28,holdout,27,6,0,0.0,0,0,3
u-2047,89,2026-08-28,holdout,12,1,0,0.0,0,0,1
u-2048,89,2026-08-28,holdout,12,0,0,0.0,0,0,3
u-2049,89,2026-08-28,holdout,30,5,0,0.0,0,0,2
u-2050,89,2026-08-28,holdout,10,2,0,0.0,0,1,5
u-2051,89,2026-08-28,holdout,43,4,2,0.0,0,0,5
u-2052,89,2026-08-28,holdout,35,1,1,0.0,0,1,2
u-2053,89,2026-08-28,holdout,32,5,1,0.0,0,0,9
u-2054,89,2026-08-28,holdout,28,3,2,0.0,0,0,6
u-2055,89,2026-08-28,holdout,32,4,0,0.0,0,0,7
u-2056,89,2026-08-28,holdout,25,1,2,0.0,0,0,8
u-2057,89,2026-08-28,holdout,22,9,0,0.0,0,0,3
u-2058,89,2026-08-28,holdout,9,2,0,0.0,0,0,1
u-2059,89,2026-08-28,holdout,19,6,0,0.0,0,0,1
u-2060,89,2026-08-28,holdout,9,0,0,0.0,0,0,1
u-2001,90,2026-08-29,holdout,3,2,0,0.0,0,0,5
u-2002,90,2026-08-29,holdout,4,0,1,0.0,0,0,3
u-2003,90,2026-08-29,holdout,1,1,0,0.0,0,0,6
u-2004,90,2026-08-29,holdout,3,2,0,0.0,0,0,5
u-2005,90,2026-08-29,holdout,0,0,0,0.0,0,0,0
u-2006,90,2026-08-29,holdout,3,0,0,0.0,0,0,4
u-2007,90,2026-08-29,holdout,0,0,0,0.0,0,0,0
u-2008,90,2026-08-29,holdout,4,3,0,0.0,0,0,3
u-2009,90,2026-08-29,holdout,2,0,0,0.0,0,0,8
u-2010,90,2026-08-29,holdout,0,0,0,0.0,0,0,0
u-2011,90,2026-08-29,holdout,1,0,0,0.0,0,0,3
u-2012,90,2026-08-29,holdout,2,0,1,0.0,0,0,3
u-2013,90,2026-08-29,holdout,2,1,1,0.0,0,0,6
u-2014,90,2026-08-29,holdout,3,1,0,0.0,0,0,2
u-2015,90,2026-08-29,holdout,0,0,0,0.0,0,0,0
u-2016,90,2026-08-29,holdout,2,1,0,0.0,0,0,3
u-2017,90,2026-08-29,holdout,1,0,0,0.0,0,0,5
u-2018,90,2026-08-29,holdout,0,0,0,0.0,0,0,0
u-2019,90,2026-08-29,holdout,3,0,0,0.0,0,0,3
u-2020,90,2026-08-29,holdout,3,1,0,0.0,0,0,1
u-2021,90,2026-08-29,holdout,2,1,1,0.0,0,0,2
u-2022,90,2026-08-29,holdout,2,0,2,0.0,0,0,4
u-2023,90,2026-08-29,holdout,1,1,0,0.0,0,0,5
u-2024,90,2026-08-29,holdout,3,0,0,0.0,0,0,5
u-2025,90,2026-08-29,holdout,0,0,0,13.4,0,0,0
u-2026,90,2026-08-29,holdout,1,0,0,0.0,0,0,4
u-2027,90,2026-08-29,holdout,0,0,1,0.0,0,0,0
u-2028,90,2026-08-29,holdout,0,0,2,0.0,0,0,0
u-2029,90,2026-08-29,holdout,0,0,0,0.0,0,0,0
u-2030,90,2026-08-29,holdout,2,0,0,0.0,0,0,1
u-2031,90,2026-08-29,holdout,0,0,0,0.0,0,0,0
u-2032,90,2026-08-29,holdout,2,2,0,0.0,0,0,1
u-2033,90,2026-08-29,holdout,1,0,0,0.0,0,0,2
u-2034,90,2026-08-29,holdout,0,0,2,0.0,0,0,0
u-2035,90,2026-08-29,holdout,0,0,1,0.0,0,0,0
u-2036,90,2026-08-29,holdout,5,0,1,0.0,0,0,1
u-2037,90,2026-08-29,holdout,2,0,0,0.0,0,0,3
u-2038,90,2026-08-29,holdout,0,0,0,0.0,0,0,0
u-2039,90,2026-08-29,holdout,4,1,1,0.0,0,0,2
u-2040,90,2026-08-29,holdout,2,1,0,0.0,0,0,6
u-2041,90,2026-08-29,holdout,4,0,0,0.0,0,0,3
u-2042,90,2026-08-29,holdout,1,0,2,0.0,0,0,7
u-2043,90,2026-08-29,holdout,0,0,0,0.0,0,0,0
u-2044,90,2026-08-29,holdout,2,1,0,0.0,0,0,3
u-2045,90,2026-08-29,holdout,0,0,0,0.0,0,0,0
u-2046,90,2026-08-29,holdout,6,2,0,0.0,0,0,4
u-2047,90,2026-08-29,holdout,1,0,0,0.0,0,0,3
u-2048,90,2026-08-29,holdout,3,2,0,0.0,0,0,2
u-2049,90,2026-08-29,holdout,3,0,0,0.0,0,0,2
u-2050,90,2026-08-29,holdout,0,0,1,0.0,0,0,0
u-2051,90,2026-08-29,holdout,1,0,1,0.0,0,0,7
u-2052,90,2026-08-29,holdout,6,0,1,0.0,0,0,6
u-2053,90,2026-08-29,holdout,0,0,1,0.0,0,0,0
u-2054,90,2026-08-29,holdout,2,0,1,0.0,0,0,5
u-2055,90,2026-08-29,holdout,1,0,1,0.0,0,0,9
u-2056,90,2026-08-29,holdout,3,0,1,0.0,0,0,6
u-2057,90,2026-08-29,holdout,2,1,0,0.0,0,0,1
u-2058,90,2026-08-29,holdout,1,0,0,0.0,0,0,1
u-2059,90,2026-08-29,holdout,0,0,0,0.0,0,0,0
u-2060,90,2026-08-29,holdout,1,1,0,0.0,0,0,2
